entry_id,entry_date,period,account_code,account_name,entry_type,debit,credit,description,source_doc,customer_id,posted_by,notes
GL-000001,2026-01-05,2026-01,1200,Accounts Receivable,Invoice,307110.74,0,Invoice INV-00001 – CUST-001,INV-00001,CUST-001,kchan,
GL-000002,2026-01-05,2026-01,4000,Revenue – Product Sales,Invoice,0,307110.74,Revenue recognition INV-00001,INV-00001,CUST-001,mlopez,
GL-000003,2026-01-03,2026-01,1200,Accounts Receivable,Invoice,308701.53,0,Invoice INV-00002 – CUST-001,INV-00002,CUST-001,arogers,
GL-000004,2026-01-03,2026-01,4000,Revenue – Product Sales,Invoice,0,308701.53,Revenue recognition INV-00002,INV-00002,CUST-001,tbrown,
GL-000005,2026-01-23,2026-01,1200,Accounts Receivable,Invoice,75750.66,0,Invoice INV-00003 – CUST-001,INV-00003,CUST-001,jsmith,
GL-000006,2026-01-23,2026-01,4000,Revenue – Product Sales,Invoice,0,75750.66,Revenue recognition INV-00003,INV-00003,CUST-001,jsmith,
GL-000007,2026-01-06,2026-01,1200,Accounts Receivable,Invoice,14166.12,0,Invoice INV-00004 – CUST-002,INV-00004,CUST-002,arogers,
GL-000008,2026-01-06,2026-01,4000,Revenue – Product Sales,Invoice,0,14166.12,Revenue recognition INV-00004,INV-00004,CUST-002,kchan,
GL-000009,2026-01-11,2026-01,1200,Accounts Receivable,Invoice,302143.23,0,Invoice INV-00005 – CUST-002,INV-00005,CUST-002,kchan,
GL-000010,2026-01-11,2026-01,4000,Revenue – Product Sales,Invoice,0,302143.23,Revenue recognition INV-00005,INV-00005,CUST-002,tbrown,
GL-000011,2026-01-20,2026-01,1200,Accounts Receivable,Invoice,419398.72,0,Invoice INV-00006 – CUST-002,INV-00006,CUST-002,jsmith,
GL-000012,2026-01-20,2026-01,4000,Revenue – Product Sales,Invoice,0,419398.72,Revenue recognition INV-00006,INV-00006,CUST-002,kchan,
GL-000013,2026-01-30,2026-01,1200,Accounts Receivable,Invoice,199743.8,0,Invoice INV-00007 – CUST-002,INV-00007,CUST-002,mlopez,
GL-000014,2026-01-30,2026-01,4000,Revenue – Product Sales,Invoice,0,199743.8,Revenue recognition INV-00007,INV-00007,CUST-002,tbrown,
GL-000015,2026-01-28,2026-01,1200,Accounts Receivable,Invoice,143956.99,0,Invoice INV-00008 – CUST-002,INV-00008,CUST-002,mlopez,
GL-000016,2026-01-28,2026-01,4000,Revenue – Product Sales,Invoice,0,143956.99,Revenue recognition INV-00008,INV-00008,CUST-002,mlopez,
GL-000017,2026-01-08,2026-01,1200,Accounts Receivable,Invoice,5833.32,0,Invoice INV-00009 – CUST-002,INV-00009,CUST-002,arogers,
GL-000018,2026-01-08,2026-01,4000,Revenue – Product Sales,Invoice,0,5833.32,Revenue recognition INV-00009,INV-00009,CUST-002,arogers,
GL-000019,2026-01-21,2026-01,1200,Accounts Receivable,Invoice,389542.45,0,Invoice INV-00010 – CUST-003,INV-00010,CUST-003,mlopez,
GL-000020,2026-01-21,2026-01,4000,Revenue – Product Sales,Invoice,0,389542.45,Revenue recognition INV-00010,INV-00010,CUST-003,arogers,
GL-000021,2026-01-06,2026-01,1200,Accounts Receivable,Invoice,355854.22,0,Invoice INV-00012 – CUST-003,INV-00012,CUST-003,mlopez,
GL-000022,2026-01-06,2026-01,4000,Revenue – Product Sales,Invoice,0,355854.22,Revenue recognition INV-00012,INV-00012,CUST-003,kchan,
GL-000023,2026-01-22,2026-01,1200,Accounts Receivable,Invoice,1028845.06,0,Invoice INV-00013 – CUST-004,INV-00013,CUST-004,arogers,
GL-000024,2026-01-22,2026-01,4000,Revenue – Product Sales,Invoice,0,1028845.06,Revenue recognition INV-00013,INV-00013,CUST-004,mlopez,
GL-000025,2026-01-13,2026-01,1200,Accounts Receivable,Invoice,8499.34,0,Invoice INV-00014 – CUST-004,INV-00014,CUST-004,tbrown,
GL-000026,2026-01-13,2026-01,4000,Revenue – Product Sales,Invoice,0,8499.34,Revenue recognition INV-00014,INV-00014,CUST-004,tbrown,
GL-000027,2026-01-21,2026-01,1200,Accounts Receivable,Invoice,499121.43,0,Invoice INV-00015 – CUST-005,INV-00015,CUST-005,arogers,
GL-000028,2026-01-21,2026-01,4000,Revenue – Product Sales,Invoice,0,499121.43,Revenue recognition INV-00015,INV-00015,CUST-005,tbrown,
GL-000029,2026-01-18,2026-01,1200,Accounts Receivable,Invoice,112513.85,0,Invoice INV-00016 – CUST-006,INV-00016,CUST-006,jsmith,
GL-000030,2026-01-18,2026-01,4000,Revenue – Product Sales,Invoice,0,112513.85,Revenue recognition INV-00016,INV-00016,CUST-006,jsmith,
GL-000031,2026-01-13,2026-01,1200,Accounts Receivable,Invoice,382314.95,0,Invoice INV-00017 – CUST-006,INV-00017,CUST-006,tbrown,
GL-000032,2026-01-13,2026-01,4000,Revenue – Product Sales,Invoice,0,382314.95,Revenue recognition INV-00017,INV-00017,CUST-006,mlopez,
GL-000033,2026-01-02,2026-01,1200,Accounts Receivable,Invoice,92272.74,0,Invoice INV-00018 – CUST-006,INV-00018,CUST-006,tbrown,
GL-000034,2026-01-02,2026-01,4000,Revenue – Product Sales,Invoice,0,92272.74,Revenue recognition INV-00018,INV-00018,CUST-006,tbrown,
GL-000035,2026-01-13,2026-01,1200,Accounts Receivable,Invoice,323123.5,0,Invoice INV-00019 – CUST-007,INV-00019,CUST-007,tbrown,
GL-000036,2026-01-13,2026-01,4000,Revenue – Product Sales,Invoice,0,323123.5,Revenue recognition INV-00019,INV-00019,CUST-007,mlopez,
GL-000037,2026-01-28,2026-01,1200,Accounts Receivable,Invoice,85707.72,0,Invoice INV-00020 – CUST-007,INV-00020,CUST-007,mlopez,
GL-000038,2026-01-28,2026-01,4000,Revenue – Product Sales,Invoice,0,85707.72,Revenue recognition INV-00020,INV-00020,CUST-007,jsmith,
GL-000039,2026-01-25,2026-01,1200,Accounts Receivable,Invoice,78315.8,0,Invoice INV-00021 – CUST-007,INV-00021,CUST-007,arogers,
GL-000040,2026-01-25,2026-01,4000,Revenue – Product Sales,Invoice,0,78315.8,Revenue recognition INV-00021,INV-00021,CUST-007,jsmith,
GL-000041,2026-01-29,2026-01,1200,Accounts Receivable,Invoice,3551.98,0,Invoice INV-00022 – CUST-008,INV-00022,CUST-008,mlopez,
GL-000042,2026-01-29,2026-01,4000,Revenue – Product Sales,Invoice,0,3551.98,Revenue recognition INV-00022,INV-00022,CUST-008,mlopez,
GL-000043,2026-01-28,2026-01,1200,Accounts Receivable,Invoice,351984.97,0,Invoice INV-00023 – CUST-008,INV-00023,CUST-008,mlopez,
GL-000044,2026-01-28,2026-01,4000,Revenue – Product Sales,Invoice,0,351984.97,Revenue recognition INV-00023,INV-00023,CUST-008,mlopez,
GL-000045,2026-01-28,2026-01,1200,Accounts Receivable,Invoice - DUPLICATE,351984.97,0,DUPLICATE POSTING INV-00023,INV-00023,CUST-008,mlopez,SCENARIO: Duplicate GL posting
GL-000046,2026-01-28,2026-01,4000,Revenue – Product Sales,Invoice - DUPLICATE,0,351984.97,DUPLICATE Revenue INV-00023,INV-00023,CUST-008,mlopez,SCENARIO: Duplicate GL posting
GL-000047,2026-01-25,2026-01,1200,Accounts Receivable,Invoice,81597.51,0,Invoice INV-00024 – CUST-009,INV-00024,CUST-009,kchan,
GL-000048,2026-01-25,2026-01,4000,Revenue – Product Sales,Invoice,0,81597.51,Revenue recognition INV-00024,INV-00024,CUST-009,kchan,
GL-000049,2026-01-30,2026-01,1200,Accounts Receivable,Invoice,215766.06,0,Invoice INV-00025 – CUST-009,INV-00025,CUST-009,tbrown,
GL-000050,2026-01-30,2026-01,4000,Revenue – Product Sales,Invoice,0,215766.06,Revenue recognition INV-00025,INV-00025,CUST-009,kchan,
GL-000051,2026-01-31,2026-01,1200,Accounts Receivable,Invoice,20151.04,0,Invoice INV-00026 – CUST-009,INV-00026,CUST-009,jsmith,
GL-000052,2026-01-31,2026-01,4000,Revenue – Product Sales,Invoice,0,20151.04,Revenue recognition INV-00026,INV-00026,CUST-009,tbrown,
GL-000053,2026-01-16,2026-01,1200,Accounts Receivable,Invoice,129934.44,0,Invoice INV-00027 – CUST-010,INV-00027,CUST-010,arogers,
GL-000054,2026-01-16,2026-01,4000,Revenue – Product Sales,Invoice,0,129934.44,Revenue recognition INV-00027,INV-00027,CUST-010,mlopez,
GL-000055,2026-01-30,2026-01,1200,Accounts Receivable,Invoice,399381.75,0,Invoice INV-00028 – CUST-010,INV-00028,CUST-010,kchan,
GL-000056,2026-01-30,2026-01,4000,Revenue – Product Sales,Invoice,0,399381.75,Revenue recognition INV-00028,INV-00028,CUST-010,jsmith,
GL-000057,2026-01-21,2026-01,1200,Accounts Receivable,Invoice,14934.24,0,Invoice INV-00029 – CUST-010,INV-00029,CUST-010,arogers,
GL-000058,2026-01-21,2026-01,4000,Revenue – Product Sales,Invoice,0,14934.24,Revenue recognition INV-00029,INV-00029,CUST-010,mlopez,
GL-000059,2026-01-01,2026-01,1200,Accounts Receivable,Invoice,403775.65,0,Invoice INV-00030 – CUST-011,INV-00030,CUST-011,mlopez,
GL-000060,2026-01-01,2026-01,4000,Revenue – Product Sales,Invoice,0,403775.65,Revenue recognition INV-00030,INV-00030,CUST-011,arogers,
GL-000061,2026-01-23,2026-01,1200,Accounts Receivable,Invoice,306611.22,0,Invoice INV-00031 – CUST-011,INV-00031,CUST-011,arogers,
GL-000062,2026-01-23,2026-01,4000,Revenue – Product Sales,Invoice,0,306611.22,Revenue recognition INV-00031,INV-00031,CUST-011,arogers,
GL-000063,2026-01-03,2026-01,1200,Accounts Receivable,Invoice,40136.72,0,Invoice INV-00032 – CUST-011,INV-00032,CUST-011,jsmith,
GL-000064,2026-01-03,2026-01,4000,Revenue – Product Sales,Invoice,0,40136.72,Revenue recognition INV-00032,INV-00032,CUST-011,tbrown,
GL-000065,2026-01-05,2026-01,1200,Accounts Receivable,Invoice,335652.84,0,Invoice INV-00033 – CUST-011,INV-00033,CUST-011,tbrown,
GL-000066,2026-01-05,2026-01,4000,Revenue – Product Sales,Invoice,0,335652.84,Revenue recognition INV-00033,INV-00033,CUST-011,kchan,
GL-000067,2026-01-07,2026-01,1200,Accounts Receivable,Invoice,255414.45,0,Invoice INV-00034 – CUST-011,INV-00034,CUST-011,mlopez,
GL-000068,2026-01-07,2026-01,4000,Revenue – Product Sales,Invoice,0,255414.45,Revenue recognition INV-00034,INV-00034,CUST-011,kchan,
GL-000069,2026-01-15,2026-01,1200,Accounts Receivable,Invoice,24141.47,0,Invoice INV-00035 – CUST-011,INV-00035,CUST-011,tbrown,
GL-000070,2026-01-15,2026-01,4000,Revenue – Product Sales,Invoice,0,24141.47,Revenue recognition INV-00035,INV-00035,CUST-011,arogers,
GL-000071,2026-01-04,2026-01,1200,Accounts Receivable,Invoice,13201.78,0,Invoice INV-00036 – CUST-011,INV-00036,CUST-011,mlopez,
GL-000072,2026-01-04,2026-01,4000,Revenue – Product Sales,Invoice,0,13201.78,Revenue recognition INV-00036,INV-00036,CUST-011,tbrown,
GL-000073,2026-01-06,2026-01,1200,Accounts Receivable,Invoice,4191.73,0,Invoice INV-00037 – CUST-011,INV-00037,CUST-011,mlopez,
GL-000074,2026-01-06,2026-01,4000,Revenue – Product Sales,Invoice,0,4191.73,Revenue recognition INV-00037,INV-00037,CUST-011,kchan,
GL-000075,2026-01-28,2026-01,1200,Accounts Receivable,Invoice,1030154.8,0,Invoice INV-00038 – CUST-012,INV-00038,CUST-012,tbrown,
GL-000076,2026-01-28,2026-01,4000,Revenue – Product Sales,Invoice,0,1030154.8,Revenue recognition INV-00038,INV-00038,CUST-012,kchan,
GL-000077,2026-01-30,2026-01,1200,Accounts Receivable,Invoice,25129.48,0,Invoice INV-00039 – CUST-012,INV-00039,CUST-012,mlopez,
GL-000078,2026-01-30,2026-01,4000,Revenue – Product Sales,Invoice,0,25129.48,Revenue recognition INV-00039,INV-00039,CUST-012,jsmith,
GL-000079,2026-01-13,2026-01,1200,Accounts Receivable,Invoice,183689.14,0,Invoice INV-00040 – CUST-012,INV-00040,CUST-012,arogers,
GL-000080,2026-01-13,2026-01,4000,Revenue – Product Sales,Invoice,0,183689.14,Revenue recognition INV-00040,INV-00040,CUST-012,kchan,
GL-000081,2026-01-26,2026-01,1200,Accounts Receivable,Invoice,108708.84,0,Invoice INV-00041 – CUST-012,INV-00041,CUST-012,mlopez,
GL-000082,2026-01-26,2026-01,4000,Revenue – Product Sales,Invoice,0,108708.84,Revenue recognition INV-00041,INV-00041,CUST-012,tbrown,
GL-000083,2026-01-16,2026-01,1200,Accounts Receivable,Invoice,30685.47,0,Invoice INV-00042 – CUST-012,INV-00042,CUST-012,kchan,
GL-000084,2026-01-16,2026-01,4000,Revenue – Product Sales,Invoice,0,30685.47,Revenue recognition INV-00042,INV-00042,CUST-012,mlopez,
GL-000085,2026-01-02,2026-01,1200,Accounts Receivable,Invoice,156527.12,0,Invoice INV-00043 – CUST-013,INV-00043,CUST-013,jsmith,
GL-000086,2026-01-02,2026-01,4000,Revenue – Product Sales,Invoice,0,156527.12,Revenue recognition INV-00043,INV-00043,CUST-013,kchan,
GL-000087,2026-01-31,2026-01,1200,Accounts Receivable,Invoice,798454.45,0,Invoice INV-00044 – CUST-013,INV-00044,CUST-013,mlopez,
GL-000088,2026-01-31,2026-01,4000,Revenue – Product Sales,Invoice,0,798454.45,Revenue recognition INV-00044,INV-00044,CUST-013,kchan,
GL-000089,2026-01-22,2026-01,1200,Accounts Receivable,Invoice,22653.19,0,Invoice INV-00045 – CUST-013,INV-00045,CUST-013,mlopez,
GL-000090,2026-01-22,2026-01,4000,Revenue – Product Sales,Invoice,0,22653.19,Revenue recognition INV-00045,INV-00045,CUST-013,arogers,
GL-000091,2026-01-02,2026-01,1200,Accounts Receivable,Invoice,133725.41,0,Invoice INV-00046 – CUST-013,INV-00046,CUST-013,mlopez,
GL-000092,2026-01-02,2026-01,4000,Revenue – Product Sales,Invoice,0,133725.41,Revenue recognition INV-00046,INV-00046,CUST-013,mlopez,
GL-000093,2026-01-11,2026-01,1200,Accounts Receivable,Invoice,114543.74,0,Invoice INV-00047 – CUST-013,INV-00047,CUST-013,mlopez,
GL-000094,2026-01-11,2026-01,4000,Revenue – Product Sales,Invoice,0,114543.74,Revenue recognition INV-00047,INV-00047,CUST-013,tbrown,
GL-000095,2026-01-13,2026-01,1200,Accounts Receivable,Invoice,9212.85,0,Invoice INV-00048 – CUST-013,INV-00048,CUST-013,mlopez,
GL-000096,2026-01-13,2026-01,4000,Revenue – Product Sales,Invoice,0,9212.85,Revenue recognition INV-00048,INV-00048,CUST-013,arogers,
GL-000097,2026-01-20,2026-01,1200,Accounts Receivable,Invoice,1714.42,0,Invoice INV-00049 – CUST-013,INV-00049,CUST-013,jsmith,
GL-000098,2026-01-20,2026-01,4000,Revenue – Product Sales,Invoice,0,1714.42,Revenue recognition INV-00049,INV-00049,CUST-013,arogers,
GL-000099,2026-01-05,2026-01,1200,Accounts Receivable,Invoice,7982.1,0,Invoice INV-00050 – CUST-013,INV-00050,CUST-013,jsmith,
GL-000100,2026-01-05,2026-01,4000,Revenue – Product Sales,Invoice,0,7982.1,Revenue recognition INV-00050,INV-00050,CUST-013,tbrown,
GL-000101,2026-01-23,2026-01,1200,Accounts Receivable,Invoice,150303.95,0,Invoice INV-00051 – CUST-014,INV-00051,CUST-014,tbrown,
GL-000102,2026-01-23,2026-01,4000,Revenue – Product Sales,Invoice,0,150303.95,Revenue recognition INV-00051,INV-00051,CUST-014,tbrown,
GL-000103,2026-01-10,2026-01,1200,Accounts Receivable,Invoice,213677.41,0,Invoice INV-00052 – CUST-015,INV-00052,CUST-015,jsmith,
GL-000104,2026-01-10,2026-01,4000,Revenue – Product Sales,Invoice,0,213677.41,Revenue recognition INV-00052,INV-00052,CUST-015,arogers,
GL-000105,2026-01-20,2026-01,1200,Accounts Receivable,Invoice,39691.57,0,Invoice INV-00053 – CUST-016,INV-00053,CUST-016,kchan,
GL-000106,2026-01-20,2026-01,4000,Revenue – Product Sales,Invoice,0,39691.57,Revenue recognition INV-00053,INV-00053,CUST-016,tbrown,
GL-000107,2026-01-09,2026-01,1200,Accounts Receivable,Invoice,48751.73,0,Invoice INV-00054 – CUST-017,INV-00054,CUST-017,jsmith,
GL-000108,2026-01-09,2026-01,4000,Revenue – Product Sales,Invoice,0,48751.73,Revenue recognition INV-00054,INV-00054,CUST-017,arogers,
GL-000109,2026-01-25,2026-01,1200,Accounts Receivable,Invoice,5855.76,0,Invoice INV-00055 – CUST-018,INV-00055,CUST-018,tbrown,
GL-000110,2026-01-25,2026-01,4000,Revenue – Product Sales,Invoice,0,5855.76,Revenue recognition INV-00055,INV-00055,CUST-018,mlopez,
GL-000111,2026-01-19,2026-01,1200,Accounts Receivable,Invoice,27716.22,0,Invoice INV-00057 – CUST-020,INV-00057,CUST-020,arogers,
GL-000112,2026-01-19,2026-01,4000,Revenue – Product Sales,Invoice,0,27716.22,Revenue recognition INV-00057,INV-00057,CUST-020,jsmith,
GL-000113,2026-01-26,2026-01,1200,Accounts Receivable,Invoice,175460.28,0,Invoice INV-00058 – CUST-021,INV-00058,CUST-021,kchan,
GL-000114,2026-01-26,2026-01,4000,Revenue – Product Sales,Invoice,0,175460.28,Revenue recognition INV-00058,INV-00058,CUST-021,kchan,
GL-000115,2026-01-12,2026-01,1200,Accounts Receivable,Invoice,46936.27,0,Invoice INV-00059 – CUST-021,INV-00059,CUST-021,kchan,
GL-000116,2026-01-12,2026-01,4000,Revenue – Product Sales,Invoice,0,46936.27,Revenue recognition INV-00059,INV-00059,CUST-021,mlopez,
GL-000117,2026-01-08,2026-01,1200,Accounts Receivable,Invoice,18103.06,0,Invoice INV-00060 – CUST-021,INV-00060,CUST-021,arogers,
GL-000118,2026-01-08,2026-01,4000,Revenue – Product Sales,Invoice,0,18103.06,Revenue recognition INV-00060,INV-00060,CUST-021,tbrown,
GL-000119,2026-01-14,2026-01,1200,Accounts Receivable,Invoice,150754.1,0,Invoice INV-00061 – CUST-022,INV-00061,CUST-022,arogers,
GL-000120,2026-01-14,2026-01,4000,Revenue – Product Sales,Invoice,0,150754.1,Revenue recognition INV-00061,INV-00061,CUST-022,kchan,
GL-000121,2026-01-02,2026-01,1200,Accounts Receivable,Invoice,35842.88,0,Invoice INV-00062 – CUST-022,INV-00062,CUST-022,mlopez,
GL-000122,2026-01-02,2026-01,4000,Revenue – Product Sales,Invoice,0,35842.88,Revenue recognition INV-00062,INV-00062,CUST-022,kchan,
GL-000123,2026-01-27,2026-01,1200,Accounts Receivable,Invoice,140706.58,0,Invoice INV-00063 – CUST-022,INV-00063,CUST-022,jsmith,
GL-000124,2026-01-27,2026-01,4000,Revenue – Product Sales,Invoice,0,140706.58,Revenue recognition INV-00063,INV-00063,CUST-022,arogers,
GL-000125,2026-01-09,2026-01,1200,Accounts Receivable,Invoice,18477.91,0,Invoice INV-00064 – CUST-022,INV-00064,CUST-022,mlopez,
GL-000126,2026-01-09,2026-01,4000,Revenue – Product Sales,Invoice,0,18477.91,Revenue recognition INV-00064,INV-00064,CUST-022,kchan,
GL-000127,2026-01-18,2026-01,1200,Accounts Receivable,Invoice,604711.76,0,Invoice INV-00065 – CUST-023,INV-00065,CUST-023,mlopez,
GL-000128,2026-01-18,2026-01,4000,Revenue – Product Sales,Invoice,0,604711.76,Revenue recognition INV-00065,INV-00065,CUST-023,jsmith,
GL-000129,2026-01-31,2026-01,1200,Accounts Receivable,Invoice,34007.11,0,Invoice INV-00066 – CUST-023,INV-00066,CUST-023,jsmith,
GL-000130,2026-01-31,2026-01,4000,Revenue – Product Sales,Invoice,0,34007.11,Revenue recognition INV-00066,INV-00066,CUST-023,arogers,
GL-000131,2026-01-26,2026-01,1200,Accounts Receivable,Invoice,52844.06,0,Invoice INV-00067 – CUST-023,INV-00067,CUST-023,mlopez,
GL-000132,2026-01-26,2026-01,4000,Revenue – Product Sales,Invoice,0,52844.06,Revenue recognition INV-00067,INV-00067,CUST-023,kchan,
GL-000133,2026-01-07,2026-01,1200,Accounts Receivable,Invoice,461199.24,0,Invoice INV-00068 – CUST-024,INV-00068,CUST-024,kchan,
GL-000134,2026-01-07,2026-01,4000,Revenue – Product Sales,Invoice,0,461199.24,Revenue recognition INV-00068,INV-00068,CUST-024,tbrown,
GL-000135,2026-01-03,2026-01,1200,Accounts Receivable,Invoice,173434.69,0,Invoice INV-00069 – CUST-025,INV-00069,CUST-025,kchan,
GL-000136,2026-01-03,2026-01,4000,Revenue – Product Sales,Invoice,0,173434.69,Revenue recognition INV-00069,INV-00069,CUST-025,arogers,
GL-000137,2026-01-10,2026-01,1200,Accounts Receivable,Invoice,47517.3,0,Invoice INV-00070 – CUST-025,INV-00070,CUST-025,jsmith,
GL-000138,2026-01-10,2026-01,4000,Revenue – Product Sales,Invoice,0,47517.3,Revenue recognition INV-00070,INV-00070,CUST-025,kchan,
GL-000139,2026-01-07,2026-01,1200,Accounts Receivable,Invoice,236801.51,0,Invoice INV-00071 – CUST-026,INV-00071,CUST-026,tbrown,
GL-000140,2026-01-07,2026-01,4000,Revenue – Product Sales,Invoice,0,236801.51,Revenue recognition INV-00071,INV-00071,CUST-026,arogers,
GL-000141,2026-01-10,2026-01,1200,Accounts Receivable,Invoice,40468.94,0,Invoice INV-00072 – CUST-026,INV-00072,CUST-026,arogers,
GL-000142,2026-01-10,2026-01,4000,Revenue – Product Sales,Invoice,0,40468.94,Revenue recognition INV-00072,INV-00072,CUST-026,arogers,
GL-000143,2026-01-19,2026-01,1200,Accounts Receivable,Invoice,91679.96,0,Invoice INV-00073 – CUST-027,INV-00073,CUST-027,arogers,
GL-000144,2026-01-19,2026-01,4000,Revenue – Product Sales,Invoice,0,91679.96,Revenue recognition INV-00073,INV-00073,CUST-027,arogers,
GL-000145,2026-01-17,2026-01,1200,Accounts Receivable,Invoice,189260.64,0,Invoice INV-00074 – CUST-027,INV-00074,CUST-027,arogers,
GL-000146,2026-01-17,2026-01,4000,Revenue – Product Sales,Invoice,0,189260.64,Revenue recognition INV-00074,INV-00074,CUST-027,jsmith,
GL-000147,2026-01-21,2026-01,1200,Accounts Receivable,Invoice,25310.03,0,Invoice INV-00075 – CUST-027,INV-00075,CUST-027,jsmith,
GL-000148,2026-01-21,2026-01,4000,Revenue – Product Sales,Invoice,0,25310.03,Revenue recognition INV-00075,INV-00075,CUST-027,tbrown,
GL-000149,2026-01-08,2026-01,1200,Accounts Receivable,Invoice,20295.78,0,Invoice INV-00076 – CUST-027,INV-00076,CUST-027,kchan,
GL-000150,2026-01-08,2026-01,4000,Revenue – Product Sales,Invoice,0,20295.78,Revenue recognition INV-00076,INV-00076,CUST-027,mlopez,
GL-000151,2026-01-20,2026-01,1200,Accounts Receivable,Invoice,10313.86,0,Invoice INV-00077 – CUST-027,INV-00077,CUST-027,jsmith,
GL-000152,2026-01-20,2026-01,4000,Revenue – Product Sales,Invoice,0,10313.86,Revenue recognition INV-00077,INV-00077,CUST-027,mlopez,
GL-000153,2026-01-13,2026-01,1200,Accounts Receivable,Invoice,4318.35,0,Invoice INV-00078 – CUST-027,INV-00078,CUST-027,tbrown,
GL-000154,2026-01-13,2026-01,4000,Revenue – Product Sales,Invoice,0,4318.35,Revenue recognition INV-00078,INV-00078,CUST-027,kchan,
GL-000155,2026-01-28,2026-01,1200,Accounts Receivable,Invoice,3594.13,0,Invoice INV-00079 – CUST-028,INV-00079,CUST-028,jsmith,
GL-000156,2026-01-28,2026-01,4000,Revenue – Product Sales,Invoice,0,3594.13,Revenue recognition INV-00079,INV-00079,CUST-028,jsmith,
GL-000157,2026-01-18,2026-01,1200,Accounts Receivable,Invoice,110555.76,0,Invoice INV-00080 – CUST-029,INV-00080,CUST-029,kchan,
GL-000158,2026-01-18,2026-01,4000,Revenue – Product Sales,Invoice,0,110555.76,Revenue recognition INV-00080,INV-00080,CUST-029,kchan,
GL-000159,2026-01-18,2026-01,1200,Accounts Receivable,Invoice,69279.08,0,Invoice INV-00081 – CUST-030,INV-00081,CUST-030,mlopez,
GL-000160,2026-01-18,2026-01,4000,Revenue – Product Sales,Invoice,0,69279.08,Revenue recognition INV-00081,INV-00081,CUST-030,mlopez,
GL-000161,2026-01-18,2026-01,1200,Accounts Receivable,Invoice,69156.29,0,Invoice INV-00082 – CUST-031,INV-00082,CUST-031,kchan,
GL-000162,2026-01-18,2026-01,4000,Revenue – Product Sales,Invoice,0,69156.29,Revenue recognition INV-00082,INV-00082,CUST-031,jsmith,
GL-000163,2026-01-27,2026-01,1200,Accounts Receivable,Invoice,28852.28,0,Invoice INV-00083 – CUST-032,INV-00083,CUST-032,arogers,
GL-000164,2026-01-27,2026-01,4000,Revenue – Product Sales,Invoice,0,28852.28,Revenue recognition INV-00083,INV-00083,CUST-032,tbrown,
GL-000165,2026-01-10,2026-01,1200,Accounts Receivable,Invoice,47807.28,0,Invoice INV-00084 – CUST-033,INV-00084,CUST-033,tbrown,
GL-000166,2026-01-10,2026-01,4000,Revenue – Product Sales,Invoice,0,47807.28,Revenue recognition INV-00084,INV-00084,CUST-033,mlopez,
GL-000167,2026-01-08,2026-01,1200,Accounts Receivable,Invoice,23364.84,0,Invoice INV-00085 – CUST-034,INV-00085,CUST-034,kchan,
GL-000168,2026-01-08,2026-01,4000,Revenue – Product Sales,Invoice,0,23364.84,Revenue recognition INV-00085,INV-00085,CUST-034,jsmith,
GL-000169,2026-01-15,2026-01,1200,Accounts Receivable,Invoice,82548.51,0,Invoice INV-00086 – CUST-035,INV-00086,CUST-035,jsmith,
GL-000170,2026-01-15,2026-01,4000,Revenue – Product Sales,Invoice,0,82548.51,Revenue recognition INV-00086,INV-00086,CUST-035,mlopez,
GL-000171,2026-01-01,2026-01,1200,Accounts Receivable,Invoice,259125.54,0,Invoice INV-00087 – CUST-036,INV-00087,CUST-036,mlopez,
GL-000172,2026-01-01,2026-01,4000,Revenue – Product Sales,Invoice,0,259125.54,Revenue recognition INV-00087,INV-00087,CUST-036,arogers,
GL-000173,2026-01-28,2026-01,1200,Accounts Receivable,Invoice,158194.4,0,Invoice INV-00088 – CUST-037,INV-00088,CUST-037,tbrown,
GL-000174,2026-01-28,2026-01,4000,Revenue – Product Sales,Invoice,0,158194.4,Revenue recognition INV-00088,INV-00088,CUST-037,tbrown,
GL-000175,2026-01-29,2026-01,1200,Accounts Receivable,Invoice,63358.1,0,Invoice INV-00089 – CUST-037,INV-00089,CUST-037,tbrown,
GL-000176,2026-01-29,2026-01,4000,Revenue – Product Sales,Invoice,0,63358.1,Revenue recognition INV-00089,INV-00089,CUST-037,mlopez,
GL-000177,2026-01-13,2026-01,1200,Accounts Receivable,Invoice,26556.67,0,Invoice INV-00090 – CUST-037,INV-00090,CUST-037,arogers,
GL-000178,2026-01-13,2026-01,4000,Revenue – Product Sales,Invoice,0,26556.67,Revenue recognition INV-00090,INV-00090,CUST-037,kchan,
GL-000179,2026-01-20,2026-01,1200,Accounts Receivable,Invoice,853.49,0,Invoice INV-00091 – CUST-037,INV-00091,CUST-037,mlopez,
GL-000180,2026-01-20,2026-01,4000,Revenue – Product Sales,Invoice,0,853.49,Revenue recognition INV-00091,INV-00091,CUST-037,arogers,
GL-000181,2026-01-14,2026-01,1200,Accounts Receivable,Invoice,20261.71,0,Invoice INV-00092 – CUST-038,INV-00092,CUST-038,mlopez,
GL-000182,2026-01-14,2026-01,4000,Revenue – Product Sales,Invoice,0,20261.71,Revenue recognition INV-00092,INV-00092,CUST-038,kchan,
GL-000183,2026-01-11,2026-01,1200,Accounts Receivable,Invoice,68609.89,0,Invoice INV-00093 – CUST-039,INV-00093,CUST-039,kchan,
GL-000184,2026-01-11,2026-01,4000,Revenue – Product Sales,Invoice,0,68609.89,Revenue recognition INV-00093,INV-00093,CUST-039,arogers,
GL-000185,2026-01-03,2026-01,1200,Accounts Receivable,Invoice,69340.89,0,Invoice INV-00094 – CUST-039,INV-00094,CUST-039,jsmith,
GL-000186,2026-01-03,2026-01,4000,Revenue – Product Sales,Invoice,0,69340.89,Revenue recognition INV-00094,INV-00094,CUST-039,kchan,
GL-000187,2026-01-25,2026-01,1200,Accounts Receivable,Invoice,116082.06,0,Invoice INV-00095 – CUST-040,INV-00095,CUST-040,kchan,
GL-000188,2026-01-25,2026-01,4000,Revenue – Product Sales,Invoice,0,116082.06,Revenue recognition INV-00095,INV-00095,CUST-040,kchan,
GL-000189,2026-01-05,2026-01,1200,Accounts Receivable,Invoice,42214.3,0,Invoice INV-00096 – CUST-041,INV-00096,CUST-041,kchan,
GL-000190,2026-01-05,2026-01,4000,Revenue – Product Sales,Invoice,0,42214.3,Revenue recognition INV-00096,INV-00096,CUST-041,jsmith,
GL-000191,2026-01-06,2026-01,1200,Accounts Receivable,Invoice,56201.98,0,Invoice INV-00097 – CUST-042,INV-00097,CUST-042,tbrown,
GL-000192,2026-01-06,2026-01,4000,Revenue – Product Sales,Invoice,0,56201.98,Revenue recognition INV-00097,INV-00097,CUST-042,tbrown,
GL-000193,2026-01-04,2026-01,1200,Accounts Receivable,Invoice,41082.49,0,Invoice INV-00098 – CUST-043,INV-00098,CUST-043,kchan,
GL-000194,2026-01-04,2026-01,4000,Revenue – Product Sales,Invoice,0,41082.49,Revenue recognition INV-00098,INV-00098,CUST-043,jsmith,
GL-000195,2026-01-23,2026-01,1200,Accounts Receivable,Invoice,195836.07,0,Invoice INV-00099 – CUST-044,INV-00099,CUST-044,mlopez,
GL-000196,2026-01-23,2026-01,4000,Revenue – Product Sales,Invoice,0,195836.07,Revenue recognition INV-00099,INV-00099,CUST-044,jsmith,
GL-000197,2026-01-23,2026-01,1200,Accounts Receivable,Invoice,249016.64,0,Invoice INV-00100 – CUST-044,INV-00100,CUST-044,arogers,
GL-000198,2026-01-23,2026-01,4000,Revenue – Product Sales,Invoice,0,249016.64,Revenue recognition INV-00100,INV-00100,CUST-044,mlopez,
GL-000199,2026-01-14,2026-01,1200,Accounts Receivable,Invoice,83878.08,0,Invoice INV-00101 – CUST-045,INV-00101,CUST-045,tbrown,
GL-000200,2026-01-14,2026-01,4000,Revenue – Product Sales,Invoice,0,83878.08,Revenue recognition INV-00101,INV-00101,CUST-045,tbrown,
GL-000201,2026-01-14,2026-01,1200,Accounts Receivable,Invoice,119217.52,0,Invoice INV-00102 – CUST-045,INV-00102,CUST-045,jsmith,
GL-000202,2026-01-14,2026-01,4000,Revenue – Product Sales,Invoice,0,119217.52,Revenue recognition INV-00102,INV-00102,CUST-045,tbrown,
GL-000203,2026-01-15,2026-01,1200,Accounts Receivable,Invoice,173880.1,0,Invoice INV-00103 – CUST-045,INV-00103,CUST-045,jsmith,
GL-000204,2026-01-15,2026-01,4000,Revenue – Product Sales,Invoice,0,173880.1,Revenue recognition INV-00103,INV-00103,CUST-045,jsmith,
GL-000205,2026-01-09,2026-01,1200,Accounts Receivable,Invoice,32871.41,0,Invoice INV-00104 – CUST-045,INV-00104,CUST-045,jsmith,
GL-000206,2026-01-09,2026-01,4000,Revenue – Product Sales,Invoice,0,32871.41,Revenue recognition INV-00104,INV-00104,CUST-045,jsmith,
GL-000207,2026-01-24,2026-01,1200,Accounts Receivable,Invoice,3147.75,0,Invoice INV-00105 – CUST-045,INV-00105,CUST-045,jsmith,
GL-000208,2026-01-24,2026-01,4000,Revenue – Product Sales,Invoice,0,3147.75,Revenue recognition INV-00105,INV-00105,CUST-045,arogers,
GL-000209,2026-01-15,2026-01,1200,Accounts Receivable,Invoice,55274.73,0,Invoice INV-00106 – CUST-046,INV-00106,CUST-046,arogers,
GL-000210,2026-01-15,2026-01,4000,Revenue – Product Sales,Invoice,0,55274.73,Revenue recognition INV-00106,INV-00106,CUST-046,arogers,
GL-000211,2026-01-28,2026-01,1200,Accounts Receivable,Invoice,65316.6,0,Invoice INV-00107 – CUST-047,INV-00107,CUST-047,jsmith,
GL-000212,2026-01-28,2026-01,4000,Revenue – Product Sales,Invoice,0,65316.6,Revenue recognition INV-00107,INV-00107,CUST-047,tbrown,
GL-000213,2026-01-29,2026-01,1200,Accounts Receivable,Invoice,88657.62,0,Invoice INV-00108 – CUST-048,INV-00108,CUST-048,mlopez,
GL-000214,2026-01-29,2026-01,4000,Revenue – Product Sales,Invoice,0,88657.62,Revenue recognition INV-00108,INV-00108,CUST-048,arogers,
GL-000215,2026-01-03,2026-01,1200,Accounts Receivable,Invoice,173963.39,0,Invoice INV-00109 – CUST-048,INV-00109,CUST-048,kchan,
GL-000216,2026-01-03,2026-01,4000,Revenue – Product Sales,Invoice,0,173963.39,Revenue recognition INV-00109,INV-00109,CUST-048,kchan,
GL-000217,2026-01-16,2026-01,1200,Accounts Receivable,Invoice,246050.07,0,Invoice INV-00110 – CUST-049,INV-00110,CUST-049,jsmith,
GL-000218,2026-01-16,2026-01,4000,Revenue – Product Sales,Invoice,0,246050.07,Revenue recognition INV-00110,INV-00110,CUST-049,mlopez,
GL-000219,2026-01-19,2026-01,1200,Accounts Receivable,Invoice,93748.94,0,Invoice INV-00111 – CUST-050,INV-00111,CUST-050,arogers,
GL-000220,2026-01-19,2026-01,4000,Revenue – Product Sales,Invoice,0,93748.94,Revenue recognition INV-00111,INV-00111,CUST-050,jsmith,
GL-000221,2026-01-23,2026-01,1200,Accounts Receivable,Invoice,106131.37,0,Invoice INV-00112 – CUST-051,INV-00112,CUST-051,tbrown,
GL-000222,2026-01-23,2026-01,4000,Revenue – Product Sales,Invoice,0,106131.37,Revenue recognition INV-00112,INV-00112,CUST-051,mlopez,
GL-000223,2026-01-04,2026-01,1200,Accounts Receivable,Invoice,93297.57,0,Invoice INV-00113 – CUST-052,INV-00113,CUST-052,tbrown,
GL-000224,2026-01-04,2026-01,4000,Revenue – Product Sales,Invoice,0,93297.57,Revenue recognition INV-00113,INV-00113,CUST-052,tbrown,
GL-000225,2026-01-25,2026-01,1200,Accounts Receivable,Invoice,59873.88,0,Invoice INV-00114 – CUST-053,INV-00114,CUST-053,kchan,
GL-000226,2026-01-25,2026-01,4000,Revenue – Product Sales,Invoice,0,59873.88,Revenue recognition INV-00114,INV-00114,CUST-053,arogers,
GL-000227,2026-01-12,2026-01,1200,Accounts Receivable,Invoice,37014.34,0,Invoice INV-00115 – CUST-054,INV-00115,CUST-054,jsmith,
GL-000228,2026-01-12,2026-01,4000,Revenue – Product Sales,Invoice,0,37014.34,Revenue recognition INV-00115,INV-00115,CUST-054,tbrown,
GL-000229,2026-01-02,2026-01,1200,Accounts Receivable,Invoice,19685.78,0,Invoice INV-00116 – CUST-055,INV-00116,CUST-055,tbrown,
GL-000230,2026-01-02,2026-01,4000,Revenue – Product Sales,Invoice,0,19685.78,Revenue recognition INV-00116,INV-00116,CUST-055,jsmith,
GL-000231,2026-01-01,2026-01,1200,Accounts Receivable,Invoice,40728.46,0,Invoice INV-00117 – CUST-056,INV-00117,CUST-056,mlopez,
GL-000232,2026-01-01,2026-01,4000,Revenue – Product Sales,Invoice,0,40728.46,Revenue recognition INV-00117,INV-00117,CUST-056,jsmith,
GL-000233,2026-01-09,2026-01,1200,Accounts Receivable,Invoice,13011.67,0,Invoice INV-00118 – CUST-057,INV-00118,CUST-057,jsmith,
GL-000234,2026-01-09,2026-01,4000,Revenue – Product Sales,Invoice,0,13011.67,Revenue recognition INV-00118,INV-00118,CUST-057,arogers,
GL-000235,2026-01-22,2026-01,1200,Accounts Receivable,Invoice,4072.6,0,Invoice INV-00119 – CUST-058,INV-00119,CUST-058,kchan,
GL-000236,2026-01-22,2026-01,4000,Revenue – Product Sales,Invoice,0,4072.6,Revenue recognition INV-00119,INV-00119,CUST-058,tbrown,
GL-000237,2026-01-04,2026-01,1200,Accounts Receivable,Invoice,7465.12,0,Invoice INV-00120 – CUST-059,INV-00120,CUST-059,kchan,
GL-000238,2026-01-04,2026-01,4000,Revenue – Product Sales,Invoice,0,7465.12,Revenue recognition INV-00120,INV-00120,CUST-059,mlopez,
GL-000239,2026-01-13,2026-01,1200,Accounts Receivable,Invoice,27662.52,0,Invoice INV-00121 – CUST-060,INV-00121,CUST-060,tbrown,
GL-000240,2026-01-13,2026-01,4000,Revenue – Product Sales,Invoice,0,27662.52,Revenue recognition INV-00121,INV-00121,CUST-060,kchan,
GL-000241,2026-02-02,2026-02,1200,Accounts Receivable,Invoice,250117.77,0,Invoice INV-00122 – CUST-001,INV-00122,CUST-001,mlopez,
GL-000242,2026-02-02,2026-02,4000,Revenue – Product Sales,Invoice,0,250117.77,Revenue recognition INV-00122,INV-00122,CUST-001,arogers,
GL-000243,2026-02-22,2026-02,1200,Accounts Receivable,Invoice,293258.39,0,Invoice INV-00123 – CUST-001,INV-00123,CUST-001,mlopez,
GL-000244,2026-02-22,2026-02,4000,Revenue – Product Sales,Invoice,0,293258.39,Revenue recognition INV-00123,INV-00123,CUST-001,kchan,
GL-000245,2026-02-15,2026-02,1200,Accounts Receivable,Invoice,302804.89,0,Invoice INV-00124 – CUST-002,INV-00124,CUST-002,jsmith,
GL-000246,2026-02-15,2026-02,4000,Revenue – Product Sales,Invoice,0,302804.89,Revenue recognition INV-00124,INV-00124,CUST-002,tbrown,
GL-000247,2026-02-10,2026-02,1200,Accounts Receivable,Invoice,262447.08,0,Invoice INV-00125 – CUST-002,INV-00125,CUST-002,arogers,
GL-000248,2026-02-10,2026-02,4000,Revenue – Product Sales,Invoice,0,262447.08,Revenue recognition INV-00125,INV-00125,CUST-002,kchan,
GL-000249,2026-02-21,2026-02,1200,Accounts Receivable,Invoice,283453.69,0,Invoice INV-00126 – CUST-002,INV-00126,CUST-002,arogers,
GL-000250,2026-02-21,2026-02,4000,Revenue – Product Sales,Invoice,0,283453.69,Revenue recognition INV-00126,INV-00126,CUST-002,mlopez,
GL-000251,2026-02-05,2026-02,1200,Accounts Receivable,Invoice,141135.47,0,Invoice INV-00127 – CUST-002,INV-00127,CUST-002,kchan,
GL-000252,2026-02-05,2026-02,4000,Revenue – Product Sales,Invoice,0,141135.47,Revenue recognition INV-00127,INV-00127,CUST-002,jsmith,
GL-000253,2026-02-20,2026-02,1200,Accounts Receivable,Invoice,29650.24,0,Invoice INV-00128 – CUST-002,INV-00128,CUST-002,jsmith,
GL-000254,2026-02-20,2026-02,4000,Revenue – Product Sales,Invoice,0,29650.24,Revenue recognition INV-00128,INV-00128,CUST-002,jsmith,
GL-000255,2026-02-23,2026-02,1200,Accounts Receivable,Invoice,70334.32,0,Invoice INV-00129 – CUST-002,INV-00129,CUST-002,jsmith,
GL-000256,2026-02-23,2026-02,4000,Revenue – Product Sales,Invoice,0,70334.32,Revenue recognition INV-00129,INV-00129,CUST-002,tbrown,
GL-000257,2026-02-20,2026-02,1200,Accounts Receivable,Invoice,16675.0,0,Invoice INV-00130 – CUST-002,INV-00130,CUST-002,arogers,
GL-000258,2026-02-20,2026-02,4000,Revenue – Product Sales,Invoice,0,16675.0,Revenue recognition INV-00130,INV-00130,CUST-002,kchan,
GL-000259,2026-02-01,2026-02,1200,Accounts Receivable,Invoice,852079.52,0,Invoice INV-00131 – CUST-003,INV-00131,CUST-003,jsmith,
GL-000260,2026-02-01,2026-02,4000,Revenue – Product Sales,Invoice,0,852079.52,Revenue recognition INV-00131,INV-00131,CUST-003,tbrown,
GL-000261,2026-02-15,2026-02,1200,Accounts Receivable,Invoice,595602.17,0,Invoice INV-00132 – CUST-004,INV-00132,CUST-004,jsmith,
GL-000262,2026-02-15,2026-02,4000,Revenue – Product Sales,Invoice,0,595602.17,Revenue recognition INV-00132,INV-00132,CUST-004,jsmith,
GL-000263,2026-02-16,2026-02,1200,Accounts Receivable,Invoice,438629.3,0,Invoice INV-00133 – CUST-004,INV-00133,CUST-004,mlopez,
GL-000264,2026-02-16,2026-02,4000,Revenue – Product Sales,Invoice,0,438629.3,Revenue recognition INV-00133,INV-00133,CUST-004,kchan,
GL-000265,2026-02-06,2026-02,1200,Accounts Receivable,Invoice,2639.53,0,Invoice INV-00134 – CUST-004,INV-00134,CUST-004,arogers,
GL-000266,2026-02-06,2026-02,4000,Revenue – Product Sales,Invoice,0,2639.53,Revenue recognition INV-00134,INV-00134,CUST-004,mlopez,
GL-000267,2026-02-13,2026-02,1200,Accounts Receivable,Invoice,473.4,0,Invoice INV-00135 – CUST-004,INV-00135,CUST-004,mlopez,
GL-000268,2026-02-13,2026-02,4000,Revenue – Product Sales,Invoice,0,473.4,Revenue recognition INV-00135,INV-00135,CUST-004,arogers,
GL-000269,2026-02-25,2026-02,1200,Accounts Receivable,Invoice,253611.65,0,Invoice INV-00136 – CUST-005,INV-00136,CUST-005,jsmith,
GL-000270,2026-02-25,2026-02,4000,Revenue – Product Sales,Invoice,0,253611.65,Revenue recognition INV-00136,INV-00136,CUST-005,jsmith,
GL-000271,2026-02-07,2026-02,1200,Accounts Receivable,Invoice,270894.21,0,Invoice INV-00137 – CUST-005,INV-00137,CUST-005,kchan,
GL-000272,2026-02-07,2026-02,4000,Revenue – Product Sales,Invoice,0,270894.21,Revenue recognition INV-00137,INV-00137,CUST-005,jsmith,
GL-000273,2026-02-25,2026-02,1200,Accounts Receivable,Invoice,19014.34,0,Invoice INV-00138 – CUST-005,INV-00138,CUST-005,mlopez,
GL-000274,2026-02-25,2026-02,4000,Revenue – Product Sales,Invoice,0,19014.34,Revenue recognition INV-00138,INV-00138,CUST-005,mlopez,
GL-000275,2026-02-15,2026-02,1200,Accounts Receivable,Invoice,9730.15,0,Invoice INV-00139 – CUST-005,INV-00139,CUST-005,mlopez,
GL-000276,2026-02-15,2026-02,4000,Revenue – Product Sales,Invoice,0,9730.15,Revenue recognition INV-00139,INV-00139,CUST-005,arogers,
GL-000277,2026-02-06,2026-02,1200,Accounts Receivable,Invoice,571095.5,0,Invoice INV-00140 – CUST-006,INV-00140,CUST-006,jsmith,
GL-000278,2026-02-06,2026-02,4000,Revenue – Product Sales,Invoice,0,571095.5,Revenue recognition INV-00140,INV-00140,CUST-006,jsmith,
GL-000279,2026-02-27,2026-02,1200,Accounts Receivable,Invoice,46165.12,0,Invoice INV-00141 – CUST-006,INV-00141,CUST-006,jsmith,
GL-000280,2026-02-27,2026-02,4000,Revenue – Product Sales,Invoice,0,46165.12,Revenue recognition INV-00141,INV-00141,CUST-006,jsmith,
GL-000281,2026-02-10,2026-02,1200,Accounts Receivable,Invoice,348107.76,0,Invoice INV-00142 – CUST-007,INV-00142,CUST-007,kchan,
GL-000282,2026-02-10,2026-02,4000,Revenue – Product Sales,Invoice,0,348107.76,Revenue recognition INV-00142,INV-00142,CUST-007,kchan,
GL-000283,2026-02-08,2026-02,1200,Accounts Receivable,Invoice,87024.65,0,Invoice INV-00143 – CUST-007,INV-00143,CUST-007,mlopez,
GL-000284,2026-02-08,2026-02,4000,Revenue – Product Sales,Invoice,0,87024.65,Revenue recognition INV-00143,INV-00143,CUST-007,mlopez,
GL-000285,2026-02-05,2026-02,1200,Accounts Receivable,Invoice,316334.55,0,Invoice INV-00144 – CUST-008,INV-00144,CUST-008,arogers,
GL-000286,2026-02-05,2026-02,4000,Revenue – Product Sales,Invoice,0,316334.55,Revenue recognition INV-00144,INV-00144,CUST-008,tbrown,
GL-000287,2026-02-26,2026-02,1200,Accounts Receivable,Invoice,70917.75,0,Invoice INV-00145 – CUST-008,INV-00145,CUST-008,mlopez,
GL-000288,2026-02-26,2026-02,4000,Revenue – Product Sales,Invoice,0,70917.75,Revenue recognition INV-00145,INV-00145,CUST-008,jsmith,
GL-000289,2026-02-19,2026-02,1200,Accounts Receivable,Invoice,138449.25,0,Invoice INV-00146 – CUST-009,INV-00146,CUST-009,mlopez,
GL-000290,2026-02-19,2026-02,4000,Revenue – Product Sales,Invoice,0,138449.25,Revenue recognition INV-00146,INV-00146,CUST-009,mlopez,
GL-000291,2026-02-18,2026-02,1200,Accounts Receivable,Invoice,197256.2,0,Invoice INV-00147 – CUST-009,INV-00147,CUST-009,kchan,
GL-000292,2026-02-18,2026-02,4000,Revenue – Product Sales,Invoice,0,197256.2,Revenue recognition INV-00147,INV-00147,CUST-009,jsmith,
GL-000293,2026-02-23,2026-02,1200,Accounts Receivable,Invoice,8939.2,0,Invoice INV-00148 – CUST-009,INV-00148,CUST-009,arogers,
GL-000294,2026-02-23,2026-02,4000,Revenue – Product Sales,Invoice,0,8939.2,Revenue recognition INV-00148,INV-00148,CUST-009,arogers,
GL-000295,2026-02-24,2026-02,1200,Accounts Receivable,Invoice,1136.82,0,Invoice INV-00149 – CUST-009,INV-00149,CUST-009,arogers,
GL-000296,2026-02-24,2026-02,4000,Revenue – Product Sales,Invoice,0,1136.82,Revenue recognition INV-00149,INV-00149,CUST-009,mlopez,
GL-000297,2026-02-05,2026-02,1200,Accounts Receivable,Invoice,516620.31,0,Invoice INV-00150 – CUST-010,INV-00150,CUST-010,arogers,
GL-000298,2026-02-05,2026-02,4000,Revenue – Product Sales,Invoice,0,516620.31,Revenue recognition INV-00150,INV-00150,CUST-010,arogers,
GL-000299,2026-02-28,2026-02,1200,Accounts Receivable,Invoice,1044792.45,0,Invoice INV-00151 – CUST-011,INV-00151,CUST-011,arogers,
GL-000300,2026-02-28,2026-02,4000,Revenue – Product Sales,Invoice,0,1044792.45,Revenue recognition INV-00151,INV-00151,CUST-011,kchan,
GL-000301,2026-02-05,2026-02,1200,Accounts Receivable,Invoice,213305.51,0,Invoice INV-00152 – CUST-011,INV-00152,CUST-011,jsmith,
GL-000302,2026-02-05,2026-02,4000,Revenue – Product Sales,Invoice,0,213305.51,Revenue recognition INV-00152,INV-00152,CUST-011,kchan,
GL-000303,2026-02-23,2026-02,1200,Accounts Receivable,Invoice,52225.32,0,Invoice INV-00153 – CUST-011,INV-00153,CUST-011,jsmith,
GL-000304,2026-02-23,2026-02,4000,Revenue – Product Sales,Invoice,0,52225.32,Revenue recognition INV-00153,INV-00153,CUST-011,kchan,
GL-000305,2026-02-11,2026-02,1200,Accounts Receivable,Invoice,65222.4,0,Invoice INV-00154 – CUST-011,INV-00154,CUST-011,jsmith,
GL-000306,2026-02-11,2026-02,4000,Revenue – Product Sales,Invoice,0,65222.4,Revenue recognition INV-00154,INV-00154,CUST-011,arogers,
GL-000307,2026-02-22,2026-02,1200,Accounts Receivable,Invoice,7580.18,0,Invoice INV-00155 – CUST-011,INV-00155,CUST-011,tbrown,
GL-000308,2026-02-22,2026-02,4000,Revenue – Product Sales,Invoice,0,7580.18,Revenue recognition INV-00155,INV-00155,CUST-011,arogers,
GL-000309,2026-02-23,2026-02,1200,Accounts Receivable,Invoice,168217.03,0,Invoice INV-00156 – CUST-012,INV-00156,CUST-012,tbrown,
GL-000310,2026-02-23,2026-02,4000,Revenue – Product Sales,Invoice,0,168217.03,Revenue recognition INV-00156,INV-00156,CUST-012,arogers,
GL-000311,2026-02-12,2026-02,1200,Accounts Receivable,Invoice,106337.61,0,Invoice INV-00157 – CUST-012,INV-00157,CUST-012,kchan,
GL-000312,2026-02-12,2026-02,4000,Revenue – Product Sales,Invoice,0,106337.61,Revenue recognition INV-00157,INV-00157,CUST-012,tbrown,
GL-000313,2026-02-26,2026-02,1200,Accounts Receivable,Invoice,703000.36,0,Invoice INV-00158 – CUST-012,INV-00158,CUST-012,arogers,
GL-000314,2026-02-26,2026-02,4000,Revenue – Product Sales,Invoice,0,703000.36,Revenue recognition INV-00158,INV-00158,CUST-012,mlopez,
GL-000315,2026-02-20,2026-02,1200,Accounts Receivable,Invoice,366608.85,0,Invoice INV-00159 – CUST-012,INV-00159,CUST-012,tbrown,
GL-000316,2026-02-20,2026-02,4000,Revenue – Product Sales,Invoice,0,366608.85,Revenue recognition INV-00159,INV-00159,CUST-012,jsmith,
GL-000317,2026-02-09,2026-02,1200,Accounts Receivable,Invoice,18275.17,0,Invoice INV-00160 – CUST-012,INV-00160,CUST-012,kchan,
GL-000318,2026-02-09,2026-02,4000,Revenue – Product Sales,Invoice,0,18275.17,Revenue recognition INV-00160,INV-00160,CUST-012,arogers,
GL-000319,2026-02-22,2026-02,1200,Accounts Receivable,Invoice,1215326.54,0,Invoice INV-00161 – CUST-013,INV-00161,CUST-013,arogers,
GL-000320,2026-02-22,2026-02,4000,Revenue – Product Sales,Invoice,0,1215326.54,Revenue recognition INV-00161,INV-00161,CUST-013,jsmith,
GL-000321,2026-02-10,2026-02,1200,Accounts Receivable,Invoice,20575.62,0,Invoice INV-00162 – CUST-013,INV-00162,CUST-013,arogers,
GL-000322,2026-02-10,2026-02,4000,Revenue – Product Sales,Invoice,0,20575.62,Revenue recognition INV-00162,INV-00162,CUST-013,arogers,
GL-000323,2026-02-13,2026-02,1200,Accounts Receivable,Invoice,9023.14,0,Invoice INV-00163 – CUST-013,INV-00163,CUST-013,jsmith,
GL-000324,2026-02-13,2026-02,4000,Revenue – Product Sales,Invoice,0,9023.14,Revenue recognition INV-00163,INV-00163,CUST-013,jsmith,
GL-000325,2026-02-10,2026-02,1200,Accounts Receivable,Invoice,165796.18,0,Invoice INV-00164 – CUST-014,INV-00164,CUST-014,mlopez,
GL-000326,2026-02-10,2026-02,4000,Revenue – Product Sales,Invoice,0,165796.18,Revenue recognition INV-00164,INV-00164,CUST-014,mlopez,
GL-000327,2026-02-24,2026-02,1200,Accounts Receivable,Invoice,21425.43,0,Invoice INV-00165 – CUST-015,INV-00165,CUST-015,jsmith,
GL-000328,2026-02-24,2026-02,4000,Revenue – Product Sales,Invoice,0,21425.43,Revenue recognition INV-00165,INV-00165,CUST-015,tbrown,
GL-000329,2026-02-12,2026-02,1200,Accounts Receivable,Invoice,75727.17,0,Invoice INV-00166 – CUST-015,INV-00166,CUST-015,tbrown,
GL-000330,2026-02-12,2026-02,4000,Revenue – Product Sales,Invoice,0,75727.17,Revenue recognition INV-00166,INV-00166,CUST-015,tbrown,
GL-000331,2026-02-21,2026-02,1200,Accounts Receivable,Invoice,34354.52,0,Invoice INV-00167 – CUST-015,INV-00167,CUST-015,kchan,
GL-000332,2026-02-21,2026-02,4000,Revenue – Product Sales,Invoice,0,34354.52,Revenue recognition INV-00167,INV-00167,CUST-015,mlopez,
GL-000333,2026-02-03,2026-02,1200,Accounts Receivable,Invoice,92062.65,0,Invoice INV-00168 – CUST-016,INV-00168,CUST-016,tbrown,
GL-000334,2026-02-03,2026-02,4000,Revenue – Product Sales,Invoice,0,92062.65,Revenue recognition INV-00168,INV-00168,CUST-016,tbrown,
GL-000335,2026-02-12,2026-02,1200,Accounts Receivable,Invoice,20835.94,0,Invoice INV-00169 – CUST-017,INV-00169,CUST-017,tbrown,
GL-000336,2026-02-12,2026-02,4000,Revenue – Product Sales,Invoice,0,20835.94,Revenue recognition INV-00169,INV-00169,CUST-017,jsmith,
GL-000337,2026-02-10,2026-02,1200,Accounts Receivable,Invoice,59375.99,0,Invoice INV-00170 – CUST-018,INV-00170,CUST-018,arogers,
GL-000338,2026-02-10,2026-02,4000,Revenue – Product Sales,Invoice,0,59375.99,Revenue recognition INV-00170,INV-00170,CUST-018,kchan,
GL-000339,2026-02-24,2026-02,1200,Accounts Receivable,Invoice,77606.45,0,Invoice INV-00171 – CUST-019,INV-00171,CUST-019,arogers,
GL-000340,2026-02-24,2026-02,4000,Revenue – Product Sales,Invoice,0,77606.45,Revenue recognition INV-00171,INV-00171,CUST-019,mlopez,
GL-000341,2026-02-04,2026-02,1200,Accounts Receivable,Invoice,11593.38,0,Invoice INV-00172 – CUST-020,INV-00172,CUST-020,arogers,
GL-000342,2026-02-04,2026-02,4000,Revenue – Product Sales,Invoice,0,11593.38,Revenue recognition INV-00172,INV-00172,CUST-020,kchan,
GL-000343,2026-02-13,2026-02,1200,Accounts Receivable,Invoice,135948.08,0,Invoice INV-00173 – CUST-020,INV-00173,CUST-020,tbrown,
GL-000344,2026-02-13,2026-02,4000,Revenue – Product Sales,Invoice,0,135948.08,Revenue recognition INV-00173,INV-00173,CUST-020,tbrown,
GL-000345,2026-02-18,2026-02,1200,Accounts Receivable,Invoice,201790.57,0,Invoice INV-00174 – CUST-021,INV-00174,CUST-021,jsmith,
GL-000346,2026-02-18,2026-02,4000,Revenue – Product Sales,Invoice,0,201790.57,Revenue recognition INV-00174,INV-00174,CUST-021,jsmith,
GL-000347,2026-02-15,2026-02,1200,Accounts Receivable,Invoice,23294.72,0,Invoice INV-00175 – CUST-021,INV-00175,CUST-021,kchan,
GL-000348,2026-02-15,2026-02,4000,Revenue – Product Sales,Invoice,0,23294.72,Revenue recognition INV-00175,INV-00175,CUST-021,tbrown,
GL-000349,2026-02-04,2026-02,1200,Accounts Receivable,Invoice,201646.31,0,Invoice INV-00176 – CUST-022,INV-00176,CUST-022,arogers,
GL-000350,2026-02-04,2026-02,4000,Revenue – Product Sales,Invoice,0,201646.31,Revenue recognition INV-00176,INV-00176,CUST-022,arogers,
GL-000351,2026-02-22,2026-02,1200,Accounts Receivable,Invoice,60804.66,0,Invoice INV-00177 – CUST-022,INV-00177,CUST-022,kchan,
GL-000352,2026-02-22,2026-02,4000,Revenue – Product Sales,Invoice,0,60804.66,Revenue recognition INV-00177,INV-00177,CUST-022,jsmith,
GL-000353,2026-02-14,2026-02,1200,Accounts Receivable,Invoice,72086.84,0,Invoice INV-00178 – CUST-022,INV-00178,CUST-022,arogers,
GL-000354,2026-02-14,2026-02,4000,Revenue – Product Sales,Invoice,0,72086.84,Revenue recognition INV-00178,INV-00178,CUST-022,mlopez,
GL-000355,2026-02-12,2026-02,1200,Accounts Receivable,Invoice,10898.15,0,Invoice INV-00179 – CUST-022,INV-00179,CUST-022,kchan,
GL-000356,2026-02-12,2026-02,4000,Revenue – Product Sales,Invoice,0,10898.15,Revenue recognition INV-00179,INV-00179,CUST-022,mlopez,
GL-000357,2026-02-22,2026-02,1200,Accounts Receivable,Invoice,412940.46,0,Invoice INV-00180 – CUST-023,INV-00180,CUST-023,mlopez,
GL-000358,2026-02-22,2026-02,4000,Revenue – Product Sales,Invoice,0,412940.46,Revenue recognition INV-00180,INV-00180,CUST-023,jsmith,
GL-000359,2026-02-07,2026-02,1200,Accounts Receivable,Invoice,30385.86,0,Invoice INV-00181 – CUST-023,INV-00181,CUST-023,tbrown,
GL-000360,2026-02-07,2026-02,4000,Revenue – Product Sales,Invoice,0,30385.86,Revenue recognition INV-00181,INV-00181,CUST-023,kchan,
GL-000361,2026-02-01,2026-02,1200,Accounts Receivable,Invoice,484770.36,0,Invoice INV-00182 – CUST-024,INV-00182,CUST-024,tbrown,
GL-000362,2026-02-01,2026-02,4000,Revenue – Product Sales,Invoice,0,484770.36,Revenue recognition INV-00182,INV-00182,CUST-024,arogers,
GL-000363,2026-02-03,2026-02,1200,Accounts Receivable,Invoice,63718.04,0,Invoice INV-00183 – CUST-024,INV-00183,CUST-024,arogers,
GL-000364,2026-02-03,2026-02,4000,Revenue – Product Sales,Invoice,0,63718.04,Revenue recognition INV-00183,INV-00183,CUST-024,kchan,
GL-000365,2026-02-05,2026-02,1200,Accounts Receivable,Invoice,139954.93,0,Invoice INV-00184 – CUST-025,INV-00184,CUST-025,jsmith,
GL-000366,2026-02-05,2026-02,4000,Revenue – Product Sales,Invoice,0,139954.93,Revenue recognition INV-00184,INV-00184,CUST-025,arogers,
GL-000367,2026-02-18,2026-02,1200,Accounts Receivable,Invoice,54476.89,0,Invoice INV-00185 – CUST-025,INV-00185,CUST-025,arogers,
GL-000368,2026-02-18,2026-02,4000,Revenue – Product Sales,Invoice,0,54476.89,Revenue recognition INV-00185,INV-00185,CUST-025,tbrown,
GL-000369,2026-02-12,2026-02,1200,Accounts Receivable,Invoice,20524.92,0,Invoice INV-00186 – CUST-025,INV-00186,CUST-025,arogers,
GL-000370,2026-02-12,2026-02,4000,Revenue – Product Sales,Invoice,0,20524.92,Revenue recognition INV-00186,INV-00186,CUST-025,jsmith,
GL-000371,2026-02-14,2026-02,1200,Accounts Receivable,Invoice,24223.93,0,Invoice INV-00187 – CUST-026,INV-00187,CUST-026,arogers,
GL-000372,2026-02-14,2026-02,4000,Revenue – Product Sales,Invoice,0,24223.93,Revenue recognition INV-00187,INV-00187,CUST-026,arogers,
GL-000373,2026-02-12,2026-02,1200,Accounts Receivable,Invoice,257267.89,0,Invoice INV-00188 – CUST-026,INV-00188,CUST-026,mlopez,
GL-000374,2026-02-12,2026-02,4000,Revenue – Product Sales,Invoice,0,257267.89,Revenue recognition INV-00188,INV-00188,CUST-026,jsmith,
GL-000375,2026-02-20,2026-02,1200,Accounts Receivable,Invoice,96131.08,0,Invoice INV-00189 – CUST-026,INV-00189,CUST-026,arogers,
GL-000376,2026-02-20,2026-02,4000,Revenue – Product Sales,Invoice,0,96131.08,Revenue recognition INV-00189,INV-00189,CUST-026,jsmith,
GL-000377,2026-02-02,2026-02,1200,Accounts Receivable,Invoice,37379.37,0,Invoice INV-00190 – CUST-026,INV-00190,CUST-026,jsmith,
GL-000378,2026-02-02,2026-02,4000,Revenue – Product Sales,Invoice,0,37379.37,Revenue recognition INV-00190,INV-00190,CUST-026,arogers,
GL-000379,2026-02-03,2026-02,1200,Accounts Receivable,Invoice,320977.96,0,Invoice INV-00191 – CUST-027,INV-00191,CUST-027,arogers,
GL-000380,2026-02-03,2026-02,4000,Revenue – Product Sales,Invoice,0,320977.96,Revenue recognition INV-00191,INV-00191,CUST-027,jsmith,
GL-000381,2026-02-19,2026-02,1200,Accounts Receivable,Invoice,45622.63,0,Invoice INV-00192 – CUST-028,INV-00192,CUST-028,tbrown,
GL-000382,2026-02-19,2026-02,4000,Revenue – Product Sales,Invoice,0,45622.63,Revenue recognition INV-00192,INV-00192,CUST-028,tbrown,
GL-000383,2026-02-20,2026-02,1200,Accounts Receivable,Invoice,76007.16,0,Invoice INV-00193 – CUST-029,INV-00193,CUST-029,jsmith,
GL-000384,2026-02-20,2026-02,4000,Revenue – Product Sales,Invoice,0,76007.16,Revenue recognition INV-00193,INV-00193,CUST-029,jsmith,
GL-000385,2026-02-07,2026-02,1200,Accounts Receivable,Invoice,92357.95,0,Invoice INV-00194 – CUST-030,INV-00194,CUST-030,tbrown,
GL-000386,2026-02-07,2026-02,4000,Revenue – Product Sales,Invoice,0,92357.95,Revenue recognition INV-00194,INV-00194,CUST-030,tbrown,
GL-000387,2026-02-24,2026-02,1200,Accounts Receivable,Invoice,37987.94,0,Invoice INV-00195 – CUST-031,INV-00195,CUST-031,mlopez,
GL-000388,2026-02-24,2026-02,4000,Revenue – Product Sales,Invoice,0,37987.94,Revenue recognition INV-00195,INV-00195,CUST-031,tbrown,
GL-000389,2026-02-22,2026-02,1200,Accounts Receivable,Invoice,44397.53,0,Invoice INV-00196 – CUST-032,INV-00196,CUST-032,tbrown,
GL-000390,2026-02-22,2026-02,4000,Revenue – Product Sales,Invoice,0,44397.53,Revenue recognition INV-00196,INV-00196,CUST-032,kchan,
GL-000391,2026-02-24,2026-02,1200,Accounts Receivable,Invoice,30311.83,0,Invoice INV-00197 – CUST-033,INV-00197,CUST-033,arogers,
GL-000392,2026-02-24,2026-02,4000,Revenue – Product Sales,Invoice,0,30311.83,Revenue recognition INV-00197,INV-00197,CUST-033,mlopez,
GL-000393,2026-02-14,2026-02,1200,Accounts Receivable,Invoice,80062.75,0,Invoice INV-00198 – CUST-034,INV-00198,CUST-034,mlopez,
GL-000394,2026-02-14,2026-02,4000,Revenue – Product Sales,Invoice,0,80062.75,Revenue recognition INV-00198,INV-00198,CUST-034,jsmith,
GL-000395,2026-02-04,2026-02,1200,Accounts Receivable,Invoice,63577.29,0,Invoice INV-00199 – CUST-035,INV-00199,CUST-035,kchan,
GL-000396,2026-02-04,2026-02,4000,Revenue – Product Sales,Invoice,0,63577.29,Revenue recognition INV-00199,INV-00199,CUST-035,arogers,
GL-000397,2026-02-12,2026-02,1200,Accounts Receivable,Invoice,99730.14,0,Invoice INV-00200 – CUST-036,INV-00200,CUST-036,mlopez,
GL-000398,2026-02-12,2026-02,4000,Revenue – Product Sales,Invoice,0,99730.14,Revenue recognition INV-00200,INV-00200,CUST-036,tbrown,
GL-000399,2026-02-26,2026-02,1200,Accounts Receivable,Invoice,93917.25,0,Invoice INV-00201 – CUST-036,INV-00201,CUST-036,tbrown,
GL-000400,2026-02-26,2026-02,4000,Revenue – Product Sales,Invoice,0,93917.25,Revenue recognition INV-00201,INV-00201,CUST-036,tbrown,
GL-000401,2026-02-22,2026-02,1200,Accounts Receivable,Invoice,9996.36,0,Invoice INV-00202 – CUST-036,INV-00202,CUST-036,arogers,
GL-000402,2026-02-22,2026-02,4000,Revenue – Product Sales,Invoice,0,9996.36,Revenue recognition INV-00202,INV-00202,CUST-036,mlopez,
GL-000403,2026-02-12,2026-02,1200,Accounts Receivable,Invoice,101734.59,0,Invoice INV-00203 – CUST-037,INV-00203,CUST-037,arogers,
GL-000404,2026-02-12,2026-02,4000,Revenue – Product Sales,Invoice,0,101734.59,Revenue recognition INV-00203,INV-00203,CUST-037,jsmith,
GL-000405,2026-02-24,2026-02,1200,Accounts Receivable,Invoice,77978.69,0,Invoice INV-00204 – CUST-037,INV-00204,CUST-037,jsmith,
GL-000406,2026-02-24,2026-02,4000,Revenue – Product Sales,Invoice,0,77978.69,Revenue recognition INV-00204,INV-00204,CUST-037,kchan,
GL-000407,2026-02-06,2026-02,1200,Accounts Receivable,Invoice,170253.12,0,Invoice INV-00205 – CUST-038,INV-00205,CUST-038,jsmith,
GL-000408,2026-02-06,2026-02,4000,Revenue – Product Sales,Invoice,0,170253.12,Revenue recognition INV-00205,INV-00205,CUST-038,mlopez,
GL-000409,2026-02-05,2026-02,1200,Accounts Receivable,Invoice,95271.02,0,Invoice INV-00206 – CUST-039,INV-00206,CUST-039,mlopez,
GL-000410,2026-02-05,2026-02,4000,Revenue – Product Sales,Invoice,0,95271.02,Revenue recognition INV-00206,INV-00206,CUST-039,mlopez,
GL-000411,2026-02-16,2026-02,1200,Accounts Receivable,Invoice,200843.86,0,Invoice INV-00207 – CUST-040,INV-00207,CUST-040,tbrown,
GL-000412,2026-02-16,2026-02,4000,Revenue – Product Sales,Invoice,0,200843.86,Revenue recognition INV-00207,INV-00207,CUST-040,tbrown,
GL-000413,2026-02-14,2026-02,1200,Accounts Receivable,Invoice,50136.54,0,Invoice INV-00208 – CUST-041,INV-00208,CUST-041,mlopez,
GL-000414,2026-02-14,2026-02,4000,Revenue – Product Sales,Invoice,0,50136.54,Revenue recognition INV-00208,INV-00208,CUST-041,jsmith,
GL-000415,2026-02-02,2026-02,1200,Accounts Receivable,Invoice,112332.26,0,Invoice INV-00209 – CUST-042,INV-00209,CUST-042,jsmith,
GL-000416,2026-02-02,2026-02,4000,Revenue – Product Sales,Invoice,0,112332.26,Revenue recognition INV-00209,INV-00209,CUST-042,kchan,
GL-000417,2026-02-25,2026-02,1200,Accounts Receivable,Invoice,43180.58,0,Invoice INV-00210 – CUST-043,INV-00210,CUST-043,arogers,
GL-000418,2026-02-25,2026-02,4000,Revenue – Product Sales,Invoice,0,43180.58,Revenue recognition INV-00210,INV-00210,CUST-043,kchan,
GL-000419,2026-02-06,2026-02,1200,Accounts Receivable,Invoice,312985.02,0,Invoice INV-00211 – CUST-044,INV-00211,CUST-044,arogers,
GL-000420,2026-02-06,2026-02,4000,Revenue – Product Sales,Invoice,0,312985.02,Revenue recognition INV-00211,INV-00211,CUST-044,jsmith,
GL-000421,2026-02-27,2026-02,1200,Accounts Receivable,Invoice,49203.15,0,Invoice INV-00212 – CUST-044,INV-00212,CUST-044,mlopez,
GL-000422,2026-02-27,2026-02,4000,Revenue – Product Sales,Invoice,0,49203.15,Revenue recognition INV-00212,INV-00212,CUST-044,tbrown,
GL-000423,2026-02-01,2026-02,1200,Accounts Receivable,Invoice,103805.61,0,Invoice INV-00213 – CUST-044,INV-00213,CUST-044,kchan,
GL-000424,2026-02-01,2026-02,4000,Revenue – Product Sales,Invoice,0,103805.61,Revenue recognition INV-00213,INV-00213,CUST-044,kchan,
GL-000425,2026-02-14,2026-02,1200,Accounts Receivable,Invoice,366307.41,0,Invoice INV-00214 – CUST-045,INV-00214,CUST-045,jsmith,
GL-000426,2026-02-14,2026-02,4000,Revenue – Product Sales,Invoice,0,366307.41,Revenue recognition INV-00214,INV-00214,CUST-045,arogers,
GL-000427,2026-02-20,2026-02,1200,Accounts Receivable,Invoice,25460.14,0,Invoice INV-00215 – CUST-045,INV-00215,CUST-045,kchan,
GL-000428,2026-02-20,2026-02,4000,Revenue – Product Sales,Invoice,0,25460.14,Revenue recognition INV-00215,INV-00215,CUST-045,arogers,
GL-000429,2026-02-13,2026-02,1200,Accounts Receivable,Invoice,132370.19,0,Invoice INV-00216 – CUST-046,INV-00216,CUST-046,kchan,
GL-000430,2026-02-13,2026-02,4000,Revenue – Product Sales,Invoice,0,132370.19,Revenue recognition INV-00216,INV-00216,CUST-046,mlopez,
GL-000431,2026-02-08,2026-02,1200,Accounts Receivable,Invoice,103212.86,0,Invoice INV-00217 – CUST-046,INV-00217,CUST-046,jsmith,
GL-000432,2026-02-08,2026-02,4000,Revenue – Product Sales,Invoice,0,103212.86,Revenue recognition INV-00217,INV-00217,CUST-046,arogers,
GL-000433,2026-02-12,2026-02,1200,Accounts Receivable,Invoice,64659.99,0,Invoice INV-00218 – CUST-047,INV-00218,CUST-047,jsmith,
GL-000434,2026-02-12,2026-02,4000,Revenue – Product Sales,Invoice,0,64659.99,Revenue recognition INV-00218,INV-00218,CUST-047,tbrown,
GL-000435,2026-02-05,2026-02,1200,Accounts Receivable,Invoice,79715.17,0,Invoice INV-00219 – CUST-048,INV-00219,CUST-048,jsmith,
GL-000436,2026-02-05,2026-02,4000,Revenue – Product Sales,Invoice,0,79715.17,Revenue recognition INV-00219,INV-00219,CUST-048,arogers,
GL-000437,2026-02-19,2026-02,1200,Accounts Receivable,Invoice,178813.94,0,Invoice INV-00220 – CUST-048,INV-00220,CUST-048,arogers,
GL-000438,2026-02-19,2026-02,4000,Revenue – Product Sales,Invoice,0,178813.94,Revenue recognition INV-00220,INV-00220,CUST-048,tbrown,
GL-000439,2026-02-21,2026-02,1200,Accounts Receivable,Invoice,13392.74,0,Invoice INV-00221 – CUST-048,INV-00221,CUST-048,tbrown,
GL-000440,2026-02-21,2026-02,4000,Revenue – Product Sales,Invoice,0,13392.74,Revenue recognition INV-00221,INV-00221,CUST-048,kchan,
GL-000441,2026-02-19,2026-02,1200,Accounts Receivable,Invoice,133736.35,0,Invoice INV-00222 – CUST-049,INV-00222,CUST-049,arogers,
GL-000442,2026-02-19,2026-02,4000,Revenue – Product Sales,Invoice,0,133736.35,Revenue recognition INV-00222,INV-00222,CUST-049,jsmith,
GL-000443,2026-02-02,2026-02,1200,Accounts Receivable,Invoice,41632.86,0,Invoice INV-00223 – CUST-049,INV-00223,CUST-049,tbrown,
GL-000444,2026-02-02,2026-02,4000,Revenue – Product Sales,Invoice,0,41632.86,Revenue recognition INV-00223,INV-00223,CUST-049,jsmith,
GL-000445,2026-02-28,2026-02,1200,Accounts Receivable,Invoice,13795.17,0,Invoice INV-00224 – CUST-049,INV-00224,CUST-049,tbrown,
GL-000446,2026-02-28,2026-02,4000,Revenue – Product Sales,Invoice,0,13795.17,Revenue recognition INV-00224,INV-00224,CUST-049,arogers,
GL-000447,2026-02-26,2026-02,1200,Accounts Receivable,Invoice,17373.36,0,Invoice INV-00225 – CUST-050,INV-00225,CUST-050,tbrown,
GL-000448,2026-02-26,2026-02,4000,Revenue – Product Sales,Invoice,0,17373.36,Revenue recognition INV-00225,INV-00225,CUST-050,arogers,
GL-000449,2026-02-15,2026-02,1200,Accounts Receivable,Invoice,56971.53,0,Invoice INV-00226 – CUST-051,INV-00226,CUST-051,tbrown,
GL-000450,2026-02-15,2026-02,4000,Revenue – Product Sales,Invoice,0,56971.53,Revenue recognition INV-00226,INV-00226,CUST-051,kchan,
GL-000451,2026-02-23,2026-02,1200,Accounts Receivable,Invoice,40030.56,0,Invoice INV-00227 – CUST-052,INV-00227,CUST-052,tbrown,
GL-000452,2026-02-23,2026-02,4000,Revenue – Product Sales,Invoice,0,40030.56,Revenue recognition INV-00227,INV-00227,CUST-052,kchan,
GL-000453,2026-02-10,2026-02,1200,Accounts Receivable,Invoice,56017.21,0,Invoice INV-00228 – CUST-053,INV-00228,CUST-053,kchan,
GL-000454,2026-02-10,2026-02,4000,Revenue – Product Sales,Invoice,0,56017.21,Revenue recognition INV-00228,INV-00228,CUST-053,jsmith,
GL-000455,2026-02-21,2026-02,1200,Accounts Receivable,Invoice,93271.07,0,Invoice INV-00229 – CUST-054,INV-00229,CUST-054,arogers,
GL-000456,2026-02-21,2026-02,4000,Revenue – Product Sales,Invoice,0,93271.07,Revenue recognition INV-00229,INV-00229,CUST-054,tbrown,
GL-000457,2026-02-24,2026-02,1200,Accounts Receivable,Invoice,42725.62,0,Invoice INV-00230 – CUST-055,INV-00230,CUST-055,tbrown,
GL-000458,2026-02-24,2026-02,4000,Revenue – Product Sales,Invoice,0,42725.62,Revenue recognition INV-00230,INV-00230,CUST-055,mlopez,
GL-000459,2026-02-10,2026-02,1200,Accounts Receivable,Invoice,24842.11,0,Invoice INV-00231 – CUST-056,INV-00231,CUST-056,tbrown,
GL-000460,2026-02-10,2026-02,4000,Revenue – Product Sales,Invoice,0,24842.11,Revenue recognition INV-00231,INV-00231,CUST-056,arogers,
GL-000461,2026-02-21,2026-02,1200,Accounts Receivable,Invoice,25577.37,0,Invoice INV-00232 – CUST-057,INV-00232,CUST-057,arogers,
GL-000462,2026-02-21,2026-02,4000,Revenue – Product Sales,Invoice,0,25577.37,Revenue recognition INV-00232,INV-00232,CUST-057,tbrown,
GL-000463,2026-02-03,2026-02,1200,Accounts Receivable,Invoice,39709.54,0,Invoice INV-00233 – CUST-058,INV-00233,CUST-058,kchan,
GL-000464,2026-02-03,2026-02,4000,Revenue – Product Sales,Invoice,0,39709.54,Revenue recognition INV-00233,INV-00233,CUST-058,mlopez,
GL-000465,2026-02-11,2026-02,1200,Accounts Receivable,Invoice,14791.3,0,Invoice INV-00234 – CUST-059,INV-00234,CUST-059,arogers,
GL-000466,2026-02-11,2026-02,4000,Revenue – Product Sales,Invoice,0,14791.3,Revenue recognition INV-00234,INV-00234,CUST-059,mlopez,
GL-000467,2026-02-26,2026-02,1200,Accounts Receivable,Invoice,3506.21,0,Invoice INV-00235 – CUST-060,INV-00235,CUST-060,mlopez,
GL-000468,2026-02-26,2026-02,4000,Revenue – Product Sales,Invoice,0,3506.21,Revenue recognition INV-00235,INV-00235,CUST-060,arogers,
GL-000469,2026-03-11,2026-03,1200,Accounts Receivable,Invoice,392876.73,0,Invoice INV-00236 – CUST-001,INV-00236,CUST-001,kchan,
GL-000470,2026-03-11,2026-03,4000,Revenue – Product Sales,Invoice,0,392876.73,Revenue recognition INV-00236,INV-00236,CUST-001,kchan,
GL-000471,2026-03-27,2026-03,1200,Accounts Receivable,Invoice,56433.71,0,Invoice INV-00237 – CUST-001,INV-00237,CUST-001,arogers,
GL-000472,2026-03-27,2026-03,4000,Revenue – Product Sales,Invoice,0,56433.71,Revenue recognition INV-00237,INV-00237,CUST-001,tbrown,
GL-000473,2026-03-22,2026-03,1200,Accounts Receivable,Invoice,17988.7,0,Invoice INV-00238 – CUST-001,INV-00238,CUST-001,tbrown,
GL-000474,2026-03-22,2026-03,4000,Revenue – Product Sales,Invoice,0,17988.7,Revenue recognition INV-00238,INV-00238,CUST-001,mlopez,
GL-000475,2026-03-08,2026-03,1200,Accounts Receivable,Invoice,705456.54,0,Invoice INV-00239 – CUST-002,INV-00239,CUST-002,tbrown,
GL-000476,2026-03-08,2026-03,4000,Revenue – Product Sales,Invoice,0,705456.54,Revenue recognition INV-00239,INV-00239,CUST-002,mlopez,
GL-000477,2026-03-19,2026-03,1200,Accounts Receivable,Invoice,195090.79,0,Invoice INV-00240 – CUST-002,INV-00240,CUST-002,tbrown,
GL-000478,2026-03-19,2026-03,4000,Revenue – Product Sales,Invoice,0,195090.79,Revenue recognition INV-00240,INV-00240,CUST-002,kchan,
GL-000479,2026-03-17,2026-03,1200,Accounts Receivable,Invoice,161763.57,0,Invoice INV-00241 – CUST-002,INV-00241,CUST-002,kchan,
GL-000480,2026-03-17,2026-03,4000,Revenue – Product Sales,Invoice,0,161763.57,Revenue recognition INV-00241,INV-00241,CUST-002,kchan,
GL-000481,2026-03-09,2026-03,1200,Accounts Receivable,Invoice,35514.79,0,Invoice INV-00242 – CUST-002,INV-00242,CUST-002,tbrown,
GL-000482,2026-03-09,2026-03,4000,Revenue – Product Sales,Invoice,0,35514.79,Revenue recognition INV-00242,INV-00242,CUST-002,mlopez,
GL-000483,2026-03-17,2026-03,1200,Accounts Receivable,Invoice,8675.0,0,Invoice INV-00243 – CUST-002,INV-00243,CUST-002,mlopez,
GL-000484,2026-03-17,2026-03,4000,Revenue – Product Sales,Invoice,0,8675.0,Revenue recognition INV-00243,INV-00243,CUST-002,kchan,
GL-000485,2026-03-30,2026-03,1200,Accounts Receivable,Invoice,496166.3,0,Invoice INV-00244 – CUST-003,INV-00244,CUST-003,kchan,
GL-000486,2026-03-30,2026-03,4000,Revenue – Product Sales,Invoice,0,496166.3,Revenue recognition INV-00244,INV-00244,CUST-003,tbrown,
GL-000487,2026-03-13,2026-03,1200,Accounts Receivable,Invoice,16059.59,0,Invoice INV-00245 – CUST-003,INV-00245,CUST-003,tbrown,
GL-000488,2026-03-13,2026-03,4000,Revenue – Product Sales,Invoice,0,16059.59,Revenue recognition INV-00245,INV-00245,CUST-003,mlopez,
GL-000489,2026-03-01,2026-03,1200,Accounts Receivable,Invoice,35774.21,0,Invoice INV-00246 – CUST-003,INV-00246,CUST-003,jsmith,
GL-000490,2026-03-01,2026-03,4000,Revenue – Product Sales,Invoice,0,35774.21,Revenue recognition INV-00246,INV-00246,CUST-003,mlopez,
GL-000491,2026-03-10,2026-03,1200,Accounts Receivable,Invoice,266303.97,0,Invoice INV-00247 – CUST-004,INV-00247,CUST-004,tbrown,
GL-000492,2026-03-10,2026-03,4000,Revenue – Product Sales,Invoice,0,266303.97,Revenue recognition INV-00247,INV-00247,CUST-004,arogers,
GL-000493,2026-03-01,2026-03,1200,Accounts Receivable,Invoice,391904.62,0,Invoice INV-00248 – CUST-004,INV-00248,CUST-004,tbrown,
GL-000494,2026-03-01,2026-03,4000,Revenue – Product Sales,Invoice,0,391904.62,Revenue recognition INV-00248,INV-00248,CUST-004,tbrown,
GL-000495,2026-03-24,2026-03,1200,Accounts Receivable,Invoice,78827.28,0,Invoice INV-00249 – CUST-004,INV-00249,CUST-004,arogers,
GL-000496,2026-03-24,2026-03,4000,Revenue – Product Sales,Invoice,0,78827.28,Revenue recognition INV-00249,INV-00249,CUST-004,tbrown,
GL-000497,2026-03-04,2026-03,1200,Accounts Receivable,Invoice,149476.09,0,Invoice INV-00250 – CUST-004,INV-00250,CUST-004,mlopez,
GL-000498,2026-03-04,2026-03,4000,Revenue – Product Sales,Invoice,0,149476.09,Revenue recognition INV-00250,INV-00250,CUST-004,arogers,
GL-000499,2026-03-27,2026-03,1200,Accounts Receivable,Invoice,311338.61,0,Invoice INV-00251 – CUST-005,INV-00251,CUST-005,jsmith,
GL-000500,2026-03-27,2026-03,4000,Revenue – Product Sales,Invoice,0,311338.61,Revenue recognition INV-00251,INV-00251,CUST-005,tbrown,
GL-000501,2026-03-08,2026-03,1200,Accounts Receivable,Invoice,189821.71,0,Invoice INV-00252 – CUST-005,INV-00252,CUST-005,jsmith,
GL-000502,2026-03-08,2026-03,4000,Revenue – Product Sales,Invoice,0,189821.71,Revenue recognition INV-00252,INV-00252,CUST-005,jsmith,
GL-000503,2026-03-06,2026-03,1200,Accounts Receivable,Invoice,244661.56,0,Invoice INV-00253 – CUST-006,INV-00253,CUST-006,arogers,
GL-000504,2026-03-06,2026-03,4000,Revenue – Product Sales,Invoice,0,244661.56,Revenue recognition INV-00253,INV-00253,CUST-006,kchan,
GL-000505,2026-03-26,2026-03,1200,Accounts Receivable,Invoice,288842.51,0,Invoice INV-00254 – CUST-006,INV-00254,CUST-006,jsmith,
GL-000506,2026-03-26,2026-03,4000,Revenue – Product Sales,Invoice,0,288842.51,Revenue recognition INV-00254,INV-00254,CUST-006,jsmith,
GL-000507,2026-03-21,2026-03,1200,Accounts Receivable,Invoice,85472.84,0,Invoice INV-00255 – CUST-006,INV-00255,CUST-006,kchan,
GL-000508,2026-03-21,2026-03,4000,Revenue – Product Sales,Invoice,0,85472.84,Revenue recognition INV-00255,INV-00255,CUST-006,mlopez,
GL-000509,2026-03-03,2026-03,1200,Accounts Receivable,Invoice,3165.68,0,Invoice INV-00256 – CUST-006,INV-00256,CUST-006,kchan,
GL-000510,2026-03-03,2026-03,4000,Revenue – Product Sales,Invoice,0,3165.68,Revenue recognition INV-00256,INV-00256,CUST-006,mlopez,
GL-000511,2026-03-24,2026-03,1200,Accounts Receivable,Invoice,264.05,0,Invoice INV-00257 – CUST-006,INV-00257,CUST-006,mlopez,
GL-000512,2026-03-24,2026-03,4000,Revenue – Product Sales,Invoice,0,264.05,Revenue recognition INV-00257,INV-00257,CUST-006,kchan,
GL-000513,2026-03-27,2026-03,1200,Accounts Receivable,Invoice,420195.87,0,Invoice INV-00258 – CUST-007,INV-00258,CUST-007,jsmith,
GL-000514,2026-03-27,2026-03,4000,Revenue – Product Sales,Invoice,0,420195.87,Revenue recognition INV-00258,INV-00258,CUST-007,mlopez,
GL-000515,2026-03-23,2026-03,1200,Accounts Receivable,Invoice,58263.7,0,Invoice INV-00259 – CUST-007,INV-00259,CUST-007,kchan,
GL-000516,2026-03-23,2026-03,4000,Revenue – Product Sales,Invoice,0,58263.7,Revenue recognition INV-00259,INV-00259,CUST-007,tbrown,
GL-000517,2026-03-29,2026-03,1200,Accounts Receivable,Invoice,4171.55,0,Invoice INV-00260 – CUST-007,INV-00260,CUST-007,jsmith,
GL-000518,2026-03-29,2026-03,4000,Revenue – Product Sales,Invoice,0,4171.55,Revenue recognition INV-00260,INV-00260,CUST-007,mlopez,
GL-000519,2026-03-02,2026-03,1200,Accounts Receivable,Invoice,338601.36,0,Invoice INV-00261 – CUST-008,INV-00261,CUST-008,arogers,
GL-000520,2026-03-02,2026-03,4000,Revenue – Product Sales,Invoice,0,338601.36,Revenue recognition INV-00261,INV-00261,CUST-008,jsmith,
GL-000521,2026-03-11,2026-03,1200,Accounts Receivable,Invoice,10606.27,0,Invoice INV-00262 – CUST-008,INV-00262,CUST-008,tbrown,
GL-000522,2026-03-11,2026-03,4000,Revenue – Product Sales,Invoice,0,10606.27,Revenue recognition INV-00262,INV-00262,CUST-008,tbrown,
GL-000523,2026-03-29,2026-03,1200,Accounts Receivable,Invoice,225852.0,0,Invoice INV-00263 – CUST-009,INV-00263,CUST-009,kchan,
GL-000524,2026-03-29,2026-03,4000,Revenue – Product Sales,Invoice,0,225852.0,Revenue recognition INV-00263,INV-00263,CUST-009,tbrown,
GL-000525,2026-03-26,2026-03,1200,Accounts Receivable,Invoice,99024.98,0,Invoice INV-00264 – CUST-009,INV-00264,CUST-009,arogers,
GL-000526,2026-03-26,2026-03,4000,Revenue – Product Sales,Invoice,0,99024.98,Revenue recognition INV-00264,INV-00264,CUST-009,kchan,
GL-000527,2026-03-27,2026-03,1200,Accounts Receivable,Invoice,72550.93,0,Invoice INV-00265 – CUST-010,INV-00265,CUST-010,tbrown,
GL-000528,2026-03-27,2026-03,4000,Revenue – Product Sales,Invoice,0,72550.93,Revenue recognition INV-00265,INV-00265,CUST-010,mlopez,
GL-000529,2026-03-22,2026-03,1200,Accounts Receivable,Invoice,46322.87,0,Invoice INV-00266 – CUST-010,INV-00266,CUST-010,jsmith,
GL-000530,2026-03-22,2026-03,4000,Revenue – Product Sales,Invoice,0,46322.87,Revenue recognition INV-00266,INV-00266,CUST-010,arogers,
GL-000531,2026-03-15,2026-03,1200,Accounts Receivable,Invoice,320164.81,0,Invoice INV-00267 – CUST-010,INV-00267,CUST-010,arogers,
GL-000532,2026-03-15,2026-03,4000,Revenue – Product Sales,Invoice,0,320164.81,Revenue recognition INV-00267,INV-00267,CUST-010,arogers,
GL-000533,2026-03-14,2026-03,1200,Accounts Receivable,Invoice,77553.27,0,Invoice INV-00268 – CUST-010,INV-00268,CUST-010,mlopez,
GL-000534,2026-03-14,2026-03,4000,Revenue – Product Sales,Invoice,0,77553.27,Revenue recognition INV-00268,INV-00268,CUST-010,tbrown,
GL-000535,2026-03-26,2026-03,1200,Accounts Receivable,Invoice,21798.21,0,Invoice INV-00269 – CUST-010,INV-00269,CUST-010,jsmith,
GL-000536,2026-03-26,2026-03,4000,Revenue – Product Sales,Invoice,0,21798.21,Revenue recognition INV-00269,INV-00269,CUST-010,jsmith,
GL-000537,2026-03-03,2026-03,1200,Accounts Receivable,Invoice,8632.65,0,Invoice INV-00270 – CUST-010,INV-00270,CUST-010,mlopez,
GL-000538,2026-03-03,2026-03,4000,Revenue – Product Sales,Invoice,0,8632.65,Revenue recognition INV-00270,INV-00270,CUST-010,kchan,
GL-000539,2026-03-22,2026-03,1200,Accounts Receivable,Invoice,6227.61,0,Invoice INV-00271 – CUST-010,INV-00271,CUST-010,tbrown,
GL-000540,2026-03-22,2026-03,4000,Revenue – Product Sales,Invoice,0,6227.61,Revenue recognition INV-00271,INV-00271,CUST-010,arogers,
GL-000541,2026-03-12,2026-03,1200,Accounts Receivable,Invoice,1126354.42,0,Invoice INV-00272 – CUST-011,INV-00272,CUST-011,kchan,
GL-000542,2026-03-12,2026-03,4000,Revenue – Product Sales,Invoice,0,1126354.42,Revenue recognition INV-00272,INV-00272,CUST-011,mlopez,
GL-000543,2026-03-01,2026-03,1200,Accounts Receivable,Invoice,118573.52,0,Invoice INV-00273 – CUST-011,INV-00273,CUST-011,tbrown,
GL-000544,2026-03-01,2026-03,4000,Revenue – Product Sales,Invoice,0,118573.52,Revenue recognition INV-00273,INV-00273,CUST-011,tbrown,
GL-000545,2026-03-25,2026-03,1200,Accounts Receivable,Invoice,100379.55,0,Invoice INV-00274 – CUST-011,INV-00274,CUST-011,tbrown,
GL-000546,2026-03-25,2026-03,4000,Revenue – Product Sales,Invoice,0,100379.55,Revenue recognition INV-00274,INV-00274,CUST-011,kchan,
GL-000547,2026-03-16,2026-03,1200,Accounts Receivable,Invoice,37818.37,0,Invoice INV-00275 – CUST-011,INV-00275,CUST-011,kchan,
GL-000548,2026-03-16,2026-03,4000,Revenue – Product Sales,Invoice,0,37818.37,Revenue recognition INV-00275,INV-00275,CUST-011,mlopez,
GL-000549,2026-03-31,2026-03,1200,Accounts Receivable,Invoice,154809.01,0,Invoice INV-00276 – CUST-012,INV-00276,CUST-012,arogers,
GL-000550,2026-03-31,2026-03,4000,Revenue – Product Sales,Invoice,0,154809.01,Revenue recognition INV-00276,INV-00276,CUST-012,kchan,
GL-000551,2026-03-29,2026-03,1200,Accounts Receivable,Invoice,1197294.63,0,Invoice INV-00277 – CUST-012,INV-00277,CUST-012,jsmith,
GL-000552,2026-03-29,2026-03,4000,Revenue – Product Sales,Invoice,0,1197294.63,Revenue recognition INV-00277,INV-00277,CUST-012,kchan,
GL-000553,2026-03-17,2026-03,1200,Accounts Receivable,Invoice,10544.87,0,Invoice INV-00278 – CUST-012,INV-00278,CUST-012,kchan,
GL-000554,2026-03-17,2026-03,4000,Revenue – Product Sales,Invoice,0,10544.87,Revenue recognition INV-00278,INV-00278,CUST-012,tbrown,
GL-000555,2026-03-16,2026-03,1200,Accounts Receivable,Invoice,17265.31,0,Invoice INV-00279 – CUST-012,INV-00279,CUST-012,jsmith,
GL-000556,2026-03-16,2026-03,4000,Revenue – Product Sales,Invoice,0,17265.31,Revenue recognition INV-00279,INV-00279,CUST-012,arogers,
GL-000557,2026-03-18,2026-03,1200,Accounts Receivable,Invoice,3212.04,0,Invoice INV-00280 – CUST-012,INV-00280,CUST-012,jsmith,
GL-000558,2026-03-18,2026-03,4000,Revenue – Product Sales,Invoice,0,3212.04,Revenue recognition INV-00280,INV-00280,CUST-012,arogers,
GL-000559,2026-03-17,2026-03,1200,Accounts Receivable,Invoice,1192008.03,0,Invoice INV-00281 – CUST-013,INV-00281,CUST-013,mlopez,
GL-000560,2026-03-17,2026-03,4000,Revenue – Product Sales,Invoice,0,1192008.03,Revenue recognition INV-00281,INV-00281,CUST-013,tbrown,
GL-000561,2026-03-11,2026-03,1200,Accounts Receivable,Invoice,52805.25,0,Invoice INV-00282 – CUST-013,INV-00282,CUST-013,mlopez,
GL-000562,2026-03-11,2026-03,4000,Revenue – Product Sales,Invoice,0,52805.25,Revenue recognition INV-00282,INV-00282,CUST-013,kchan,
GL-000563,2026-03-25,2026-03,1200,Accounts Receivable,Invoice,70192.03,0,Invoice INV-00283 – CUST-014,INV-00283,CUST-014,kchan,
GL-000564,2026-03-25,2026-03,4000,Revenue – Product Sales,Invoice,0,70192.03,Revenue recognition INV-00283,INV-00283,CUST-014,tbrown,
GL-000565,2026-03-28,2026-03,1200,Accounts Receivable,Invoice,136625.36,0,Invoice INV-00284 – CUST-015,INV-00284,CUST-015,mlopez,
GL-000566,2026-03-28,2026-03,4000,Revenue – Product Sales,Invoice,0,136625.36,Revenue recognition INV-00284,INV-00284,CUST-015,jsmith,
GL-000567,2026-03-23,2026-03,1200,Accounts Receivable,Invoice,24712.76,0,Invoice INV-00285 – CUST-016,INV-00285,CUST-016,mlopez,
GL-000568,2026-03-23,2026-03,4000,Revenue – Product Sales,Invoice,0,24712.76,Revenue recognition INV-00285,INV-00285,CUST-016,arogers,
GL-000569,2026-03-21,2026-03,1200,Accounts Receivable,Invoice,18290.38,0,Invoice INV-00286 – CUST-017,INV-00286,CUST-017,kchan,
GL-000570,2026-03-21,2026-03,4000,Revenue – Product Sales,Invoice,0,18290.38,Revenue recognition INV-00286,INV-00286,CUST-017,jsmith,
GL-000571,2026-03-06,2026-03,1200,Accounts Receivable,Invoice,69156.29,0,Invoice INV-00287 – CUST-018,INV-00287,CUST-018,kchan,
GL-000572,2026-03-06,2026-03,4000,Revenue – Product Sales,Invoice,0,69156.29,Revenue recognition INV-00287,INV-00287,CUST-018,mlopez,
GL-000573,2026-03-19,2026-03,1200,Accounts Receivable,Invoice,94403.76,0,Invoice INV-00288 – CUST-019,INV-00288,CUST-019,tbrown,
GL-000574,2026-03-19,2026-03,4000,Revenue – Product Sales,Invoice,0,94403.76,Revenue recognition INV-00288,INV-00288,CUST-019,jsmith,
GL-000575,2026-03-25,2026-03,1200,Accounts Receivable,Invoice,116906.07,0,Invoice INV-00289 – CUST-020,INV-00289,CUST-020,tbrown,
GL-000576,2026-03-25,2026-03,4000,Revenue – Product Sales,Invoice,0,116906.07,Revenue recognition INV-00289,INV-00289,CUST-020,mlopez,
GL-000577,2026-03-21,2026-03,1200,Accounts Receivable,Invoice,22539.21,0,Invoice INV-00290 – CUST-020,INV-00290,CUST-020,arogers,
GL-000578,2026-03-21,2026-03,4000,Revenue – Product Sales,Invoice,0,22539.21,Revenue recognition INV-00290,INV-00290,CUST-020,tbrown,
GL-000579,2026-03-26,2026-03,1200,Accounts Receivable,Invoice,49983.41,0,Invoice INV-00291 – CUST-020,INV-00291,CUST-020,tbrown,
GL-000580,2026-03-26,2026-03,4000,Revenue – Product Sales,Invoice,0,49983.41,Revenue recognition INV-00291,INV-00291,CUST-020,mlopez,
GL-000581,2026-03-16,2026-03,1200,Accounts Receivable,Invoice,49990.12,0,Invoice INV-00292 – CUST-021,INV-00292,CUST-021,jsmith,
GL-000582,2026-03-16,2026-03,4000,Revenue – Product Sales,Invoice,0,49990.12,Revenue recognition INV-00292,INV-00292,CUST-021,mlopez,
GL-000583,2026-03-23,2026-03,1200,Accounts Receivable,Invoice,83142.38,0,Invoice INV-00293 – CUST-021,INV-00293,CUST-021,tbrown,
GL-000584,2026-03-23,2026-03,4000,Revenue – Product Sales,Invoice,0,83142.38,Revenue recognition INV-00293,INV-00293,CUST-021,kchan,
GL-000585,2026-03-18,2026-03,1200,Accounts Receivable,Invoice,116733.88,0,Invoice INV-00294 – CUST-021,INV-00294,CUST-021,kchan,
GL-000586,2026-03-18,2026-03,4000,Revenue – Product Sales,Invoice,0,116733.88,Revenue recognition INV-00294,INV-00294,CUST-021,tbrown,
GL-000587,2026-03-08,2026-03,1200,Accounts Receivable,Invoice,6033.26,0,Invoice INV-00295 – CUST-021,INV-00295,CUST-021,jsmith,
GL-000588,2026-03-08,2026-03,4000,Revenue – Product Sales,Invoice,0,6033.26,Revenue recognition INV-00295,INV-00295,CUST-021,tbrown,
GL-000589,2026-03-08,2026-03,1200,Accounts Receivable,Invoice,354091.71,0,Invoice INV-00296 – CUST-022,INV-00296,CUST-022,kchan,
GL-000590,2026-03-08,2026-03,4000,Revenue – Product Sales,Invoice,0,354091.71,Revenue recognition INV-00296,INV-00296,CUST-022,arogers,
GL-000591,2026-03-17,2026-03,1200,Accounts Receivable,Invoice,159627.44,0,Invoice INV-00297 – CUST-023,INV-00297,CUST-023,tbrown,
GL-000592,2026-03-17,2026-03,4000,Revenue – Product Sales,Invoice,0,159627.44,Revenue recognition INV-00297,INV-00297,CUST-023,tbrown,
GL-000593,2026-03-13,2026-03,1200,Accounts Receivable,Invoice,17269.43,0,Invoice INV-00298 – CUST-023,INV-00298,CUST-023,arogers,
GL-000594,2026-03-13,2026-03,4000,Revenue – Product Sales,Invoice,0,17269.43,Revenue recognition INV-00298,INV-00298,CUST-023,jsmith,
GL-000595,2026-03-10,2026-03,1200,Accounts Receivable,Invoice,315426.5,0,Invoice INV-00299 – CUST-023,INV-00299,CUST-023,mlopez,
GL-000596,2026-03-10,2026-03,4000,Revenue – Product Sales,Invoice,0,315426.5,Revenue recognition INV-00299,INV-00299,CUST-023,kchan,
GL-000597,2026-03-28,2026-03,1200,Accounts Receivable,Invoice,236349.83,0,Invoice INV-00300 – CUST-024,INV-00300,CUST-024,kchan,
GL-000598,2026-03-28,2026-03,4000,Revenue – Product Sales,Invoice,0,236349.83,Revenue recognition INV-00300,INV-00300,CUST-024,mlopez,
GL-000599,2026-03-25,2026-03,1200,Accounts Receivable,Invoice,147135.27,0,Invoice INV-00301 – CUST-024,INV-00301,CUST-024,mlopez,
GL-000600,2026-03-25,2026-03,4000,Revenue – Product Sales,Invoice,0,147135.27,Revenue recognition INV-00301,INV-00301,CUST-024,mlopez,
GL-000601,2026-03-10,2026-03,1200,Accounts Receivable,Invoice,168407.26,0,Invoice INV-00302 – CUST-025,INV-00302,CUST-025,mlopez,
GL-000602,2026-03-10,2026-03,4000,Revenue – Product Sales,Invoice,0,168407.26,Revenue recognition INV-00302,INV-00302,CUST-025,kchan,
GL-000603,2026-03-20,2026-03,1200,Accounts Receivable,Invoice,213345.84,0,Invoice INV-00303 – CUST-025,INV-00303,CUST-025,tbrown,
GL-000604,2026-03-20,2026-03,4000,Revenue – Product Sales,Invoice,0,213345.84,Revenue recognition INV-00303,INV-00303,CUST-025,tbrown,
GL-000605,2026-03-11,2026-03,1200,Accounts Receivable,Invoice,316432.6,0,Invoice INV-00304 – CUST-026,INV-00304,CUST-026,arogers,
GL-000606,2026-03-11,2026-03,4000,Revenue – Product Sales,Invoice,0,316432.6,Revenue recognition INV-00304,INV-00304,CUST-026,tbrown,
GL-000607,2026-03-02,2026-03,1200,Accounts Receivable,Invoice,348506.62,0,Invoice INV-00305 – CUST-027,INV-00305,CUST-027,jsmith,
GL-000608,2026-03-02,2026-03,4000,Revenue – Product Sales,Invoice,0,348506.62,Revenue recognition INV-00305,INV-00305,CUST-027,jsmith,
GL-000609,2026-03-20,2026-03,1200,Accounts Receivable,Invoice,105218.0,0,Invoice INV-00306 – CUST-028,INV-00306,CUST-028,mlopez,
GL-000610,2026-03-20,2026-03,4000,Revenue – Product Sales,Invoice,0,105218.0,Revenue recognition INV-00306,INV-00306,CUST-028,arogers,
GL-000611,2026-03-20,2026-03,1200,Accounts Receivable,Invoice,19914.86,0,Invoice INV-00307 – CUST-029,INV-00307,CUST-029,kchan,
GL-000612,2026-03-20,2026-03,4000,Revenue – Product Sales,Invoice,0,19914.86,Revenue recognition INV-00307,INV-00307,CUST-029,tbrown,
GL-000613,2026-03-19,2026-03,1200,Accounts Receivable,Invoice,76684.62,0,Invoice INV-00308 – CUST-030,INV-00308,CUST-030,tbrown,
GL-000614,2026-03-19,2026-03,4000,Revenue – Product Sales,Invoice,0,76684.62,Revenue recognition INV-00308,INV-00308,CUST-030,kchan,
GL-000615,2026-03-19,2026-03,1200,Accounts Receivable,Invoice,16315.89,0,Invoice INV-00309 – CUST-031,INV-00309,CUST-031,jsmith,
GL-000616,2026-03-19,2026-03,4000,Revenue – Product Sales,Invoice,0,16315.89,Revenue recognition INV-00309,INV-00309,CUST-031,mlopez,
GL-000617,2026-03-24,2026-03,1200,Accounts Receivable,Invoice,68930.97,0,Invoice INV-00310 – CUST-032,INV-00310,CUST-032,arogers,
GL-000618,2026-03-24,2026-03,4000,Revenue – Product Sales,Invoice,0,68930.97,Revenue recognition INV-00310,INV-00310,CUST-032,jsmith,
GL-000619,2026-03-22,2026-03,1200,Accounts Receivable,Invoice,41225.53,0,Invoice INV-00311 – CUST-033,INV-00311,CUST-033,arogers,
GL-000620,2026-03-22,2026-03,4000,Revenue – Product Sales,Invoice,0,41225.53,Revenue recognition INV-00311,INV-00311,CUST-033,mlopez,
GL-000621,2026-03-11,2026-03,1200,Accounts Receivable,Invoice,29675.29,0,Invoice INV-00312 – CUST-034,INV-00312,CUST-034,tbrown,
GL-000622,2026-03-11,2026-03,4000,Revenue – Product Sales,Invoice,0,29675.29,Revenue recognition INV-00312,INV-00312,CUST-034,mlopez,
GL-000623,2026-03-24,2026-03,1200,Accounts Receivable,Invoice,96818.81,0,Invoice INV-00313 – CUST-035,INV-00313,CUST-035,jsmith,
GL-000624,2026-03-24,2026-03,4000,Revenue – Product Sales,Invoice,0,96818.81,Revenue recognition INV-00313,INV-00313,CUST-035,tbrown,
GL-000625,2026-03-11,2026-03,1200,Accounts Receivable,Invoice,240051.2,0,Invoice INV-00314 – CUST-036,INV-00314,CUST-036,mlopez,
GL-000626,2026-03-11,2026-03,4000,Revenue – Product Sales,Invoice,0,240051.2,Revenue recognition INV-00314,INV-00314,CUST-036,tbrown,
GL-000627,2026-03-25,2026-03,1200,Accounts Receivable,Invoice,32870.01,0,Invoice INV-00315 – CUST-036,INV-00315,CUST-036,tbrown,
GL-000628,2026-03-25,2026-03,4000,Revenue – Product Sales,Invoice,0,32870.01,Revenue recognition INV-00315,INV-00315,CUST-036,arogers,
GL-000629,2026-03-08,2026-03,1200,Accounts Receivable,Invoice,142206.56,0,Invoice INV-00316 – CUST-037,INV-00316,CUST-037,arogers,
GL-000630,2026-03-08,2026-03,4000,Revenue – Product Sales,Invoice,0,142206.56,Revenue recognition INV-00316,INV-00316,CUST-037,jsmith,
GL-000631,2026-03-11,2026-03,1200,Accounts Receivable,Invoice,94063.99,0,Invoice INV-00317 – CUST-037,INV-00317,CUST-037,mlopez,
GL-000632,2026-03-11,2026-03,4000,Revenue – Product Sales,Invoice,0,94063.99,Revenue recognition INV-00317,INV-00317,CUST-037,kchan,
GL-000633,2026-03-19,2026-03,1200,Accounts Receivable,Invoice,87475.26,0,Invoice INV-00318 – CUST-038,INV-00318,CUST-038,mlopez,
GL-000634,2026-03-19,2026-03,4000,Revenue – Product Sales,Invoice,0,87475.26,Revenue recognition INV-00318,INV-00318,CUST-038,tbrown,
GL-000635,2026-03-10,2026-03,1200,Accounts Receivable,Invoice,52521.11,0,Invoice INV-00319 – CUST-039,INV-00319,CUST-039,jsmith,
GL-000636,2026-03-10,2026-03,4000,Revenue – Product Sales,Invoice,0,52521.11,Revenue recognition INV-00319,INV-00319,CUST-039,jsmith,
GL-000637,2026-03-27,2026-03,1200,Accounts Receivable,Invoice,189173.75,0,Invoice INV-00320 – CUST-040,INV-00320,CUST-040,kchan,
GL-000638,2026-03-27,2026-03,4000,Revenue – Product Sales,Invoice,0,189173.75,Revenue recognition INV-00320,INV-00320,CUST-040,tbrown,
GL-000639,2026-03-19,2026-03,1200,Accounts Receivable,Invoice,8852.92,0,Invoice INV-00321 – CUST-041,INV-00321,CUST-041,tbrown,
GL-000640,2026-03-19,2026-03,4000,Revenue – Product Sales,Invoice,0,8852.92,Revenue recognition INV-00321,INV-00321,CUST-041,jsmith,
GL-000641,2026-03-02,2026-03,1200,Accounts Receivable,Invoice,52974.31,0,Invoice INV-00322 – CUST-042,INV-00322,CUST-042,jsmith,
GL-000642,2026-03-02,2026-03,4000,Revenue – Product Sales,Invoice,0,52974.31,Revenue recognition INV-00322,INV-00322,CUST-042,kchan,
GL-000643,2026-03-18,2026-03,1200,Accounts Receivable,Invoice,22171.87,0,Invoice INV-00323 – CUST-043,INV-00323,CUST-043,kchan,
GL-000644,2026-03-18,2026-03,4000,Revenue – Product Sales,Invoice,0,22171.87,Revenue recognition INV-00323,INV-00323,CUST-043,arogers,
GL-000645,2026-03-07,2026-03,1200,Accounts Receivable,Invoice,248724.36,0,Invoice INV-00324 – CUST-044,INV-00324,CUST-044,jsmith,
GL-000646,2026-03-07,2026-03,4000,Revenue – Product Sales,Invoice,0,248724.36,Revenue recognition INV-00324,INV-00324,CUST-044,kchan,
GL-000647,2026-03-19,2026-03,1200,Accounts Receivable,Invoice,365256.61,0,Invoice INV-00325 – CUST-045,INV-00325,CUST-045,tbrown,
GL-000648,2026-03-19,2026-03,4000,Revenue – Product Sales,Invoice,0,365256.61,Revenue recognition INV-00325,INV-00325,CUST-045,arogers,
GL-000649,2026-03-06,2026-03,1200,Accounts Receivable,Invoice,22566.15,0,Invoice INV-00326 – CUST-046,INV-00326,CUST-046,jsmith,
GL-000650,2026-03-06,2026-03,4000,Revenue – Product Sales,Invoice,0,22566.15,Revenue recognition INV-00326,INV-00326,CUST-046,kchan,
GL-000651,2026-03-24,2026-03,1200,Accounts Receivable,Invoice,90871.48,0,Invoice INV-00327 – CUST-047,INV-00327,CUST-047,jsmith,
GL-000652,2026-03-24,2026-03,4000,Revenue – Product Sales,Invoice,0,90871.48,Revenue recognition INV-00327,INV-00327,CUST-047,arogers,
GL-000653,2026-03-11,2026-03,1200,Accounts Receivable,Invoice,96229.67,0,Invoice INV-00328 – CUST-048,INV-00328,CUST-048,mlopez,
GL-000654,2026-03-11,2026-03,4000,Revenue – Product Sales,Invoice,0,96229.67,Revenue recognition INV-00328,INV-00328,CUST-048,jsmith,
GL-000655,2026-03-31,2026-03,1200,Accounts Receivable,Invoice,127934.76,0,Invoice INV-00329 – CUST-048,INV-00329,CUST-048,jsmith,
GL-000656,2026-03-31,2026-03,4000,Revenue – Product Sales,Invoice,0,127934.76,Revenue recognition INV-00329,INV-00329,CUST-048,jsmith,
GL-000657,2026-03-24,2026-03,1200,Accounts Receivable,Invoice,35376.16,0,Invoice INV-00330 – CUST-049,INV-00330,CUST-049,jsmith,
GL-000658,2026-03-24,2026-03,4000,Revenue – Product Sales,Invoice,0,35376.16,Revenue recognition INV-00330,INV-00330,CUST-049,kchan,
GL-000659,2026-03-26,2026-03,1200,Accounts Receivable,Invoice,5203.94,0,Invoice INV-00331 – CUST-049,INV-00331,CUST-049,mlopez,
GL-000660,2026-03-26,2026-03,4000,Revenue – Product Sales,Invoice,0,5203.94,Revenue recognition INV-00331,INV-00331,CUST-049,tbrown,
GL-000661,2026-03-29,2026-03,1200,Accounts Receivable,Invoice,209884.5,0,Invoice INV-00332 – CUST-050,INV-00332,CUST-050,jsmith,
GL-000662,2026-03-29,2026-03,4000,Revenue – Product Sales,Invoice,0,209884.5,Revenue recognition INV-00332,INV-00332,CUST-050,tbrown,
GL-000663,2026-03-05,2026-03,1200,Accounts Receivable,Invoice,22708.69,0,Invoice INV-00333 – CUST-051,INV-00333,CUST-051,kchan,
GL-000664,2026-03-05,2026-03,4000,Revenue – Product Sales,Invoice,0,22708.69,Revenue recognition INV-00333,INV-00333,CUST-051,mlopez,
GL-000665,2026-03-09,2026-03,1200,Accounts Receivable,Invoice,48560.83,0,Invoice INV-00334 – CUST-052,INV-00334,CUST-052,arogers,
GL-000666,2026-03-09,2026-03,4000,Revenue – Product Sales,Invoice,0,48560.83,Revenue recognition INV-00334,INV-00334,CUST-052,arogers,
GL-000667,2026-03-21,2026-03,1200,Accounts Receivable,Invoice,54893.82,0,Invoice INV-00335 – CUST-052,INV-00335,CUST-052,arogers,
GL-000668,2026-03-21,2026-03,4000,Revenue – Product Sales,Invoice,0,54893.82,Revenue recognition INV-00335,INV-00335,CUST-052,arogers,
GL-000669,2026-03-22,2026-03,1200,Accounts Receivable,Invoice,57918.44,0,Invoice INV-00336 – CUST-053,INV-00336,CUST-053,arogers,
GL-000670,2026-03-22,2026-03,4000,Revenue – Product Sales,Invoice,0,57918.44,Revenue recognition INV-00336,INV-00336,CUST-053,mlopez,
GL-000671,2026-03-08,2026-03,1200,Accounts Receivable,Invoice,39675.44,0,Invoice INV-00337 – CUST-054,INV-00337,CUST-054,jsmith,
GL-000672,2026-03-08,2026-03,4000,Revenue – Product Sales,Invoice,0,39675.44,Revenue recognition INV-00337,INV-00337,CUST-054,arogers,
GL-000673,2026-03-18,2026-03,1200,Accounts Receivable,Invoice,38552.12,0,Invoice INV-00338 – CUST-055,INV-00338,CUST-055,jsmith,
GL-000674,2026-03-18,2026-03,4000,Revenue – Product Sales,Invoice,0,38552.12,Revenue recognition INV-00338,INV-00338,CUST-055,tbrown,
GL-000675,2026-03-20,2026-03,1200,Accounts Receivable,Invoice,32530.6,0,Invoice INV-00339 – CUST-056,INV-00339,CUST-056,jsmith,
GL-000676,2026-03-20,2026-03,4000,Revenue – Product Sales,Invoice,0,32530.6,Revenue recognition INV-00339,INV-00339,CUST-056,tbrown,
GL-000677,2026-03-04,2026-03,1200,Accounts Receivable,Invoice,5364.23,0,Invoice INV-00340 – CUST-057,INV-00340,CUST-057,jsmith,
GL-000678,2026-03-04,2026-03,4000,Revenue – Product Sales,Invoice,0,5364.23,Revenue recognition INV-00340,INV-00340,CUST-057,tbrown,
GL-000679,2026-03-28,2026-03,1200,Accounts Receivable,Invoice,23528.36,0,Invoice INV-00341 – CUST-058,INV-00341,CUST-058,jsmith,
GL-000680,2026-03-28,2026-03,4000,Revenue – Product Sales,Invoice,0,23528.36,Revenue recognition INV-00341,INV-00341,CUST-058,jsmith,
GL-000681,2026-03-29,2026-03,1200,Accounts Receivable,Invoice,32710.62,0,Invoice INV-00342 – CUST-059,INV-00342,CUST-059,mlopez,
GL-000682,2026-03-29,2026-03,4000,Revenue – Product Sales,Invoice,0,32710.62,Revenue recognition INV-00342,INV-00342,CUST-059,tbrown,
GL-000683,2026-03-19,2026-03,1200,Accounts Receivable,Invoice,20478.67,0,Invoice INV-00343 – CUST-060,INV-00343,CUST-060,jsmith,
GL-000684,2026-03-19,2026-03,4000,Revenue – Product Sales,Invoice,0,20478.67,Revenue recognition INV-00343,INV-00343,CUST-060,mlopez,
GL-000685,2026-02-13,2026-02,1000,Cash – Operating Account,Cash Receipt,307110.74,0,Payment received RCP-00001 – CUST-001,RCP-00001,CUST-001,mlopez,
GL-000686,2026-02-13,2026-02,1200,Accounts Receivable,Cash Receipt,0,307110.74,AR cleared RCP-00001 against INV-00001,RCP-00001,CUST-001,tbrown,
GL-000687,2026-02-08,2026-02,1000,Cash – Operating Account,Cash Receipt,308701.53,0,Payment received RCP-00002 – CUST-001,RCP-00002,CUST-001,jsmith,
GL-000688,2026-02-08,2026-02,1200,Accounts Receivable,Cash Receipt,0,308701.53,AR cleared RCP-00002 against INV-00002,RCP-00002,CUST-001,mlopez,
GL-000689,2026-03-11,2026-03,1000,Cash – Operating Account,Cash Receipt,75750.66,0,Payment received RCP-00003 – CUST-001,RCP-00003,CUST-001,arogers,
GL-000690,2026-03-11,2026-03,1200,Accounts Receivable,Cash Receipt,0,75750.66,AR cleared RCP-00003 against INV-00003,RCP-00003,CUST-001,arogers,
GL-000691,2026-03-05,2026-03,1000,Cash – Operating Account,Cash Receipt,14166.12,0,Payment received RCP-00004 – CUST-002,RCP-00004,CUST-002,arogers,
GL-000692,2026-03-05,2026-03,1200,Accounts Receivable,Cash Receipt,0,14166.12,AR cleared RCP-00004 against INV-00004,RCP-00004,CUST-002,jsmith,
GL-000693,2026-03-31,2026-03,1000,Cash – Operating Account,Cash Receipt,419398.72,0,Payment received RCP-00005 – CUST-002,RCP-00005,CUST-002,arogers,
GL-000694,2026-03-31,2026-03,1200,Accounts Receivable,Cash Receipt,0,419398.72,AR cleared RCP-00005 against INV-00006,RCP-00005,CUST-002,kchan,
GL-000695,2026-03-26,2026-03,1000,Cash – Operating Account,Cash Receipt,143956.99,0,Payment received RCP-00006 – CUST-002,RCP-00006,CUST-002,tbrown,
GL-000696,2026-03-26,2026-03,1200,Accounts Receivable,Cash Receipt,0,143956.99,AR cleared RCP-00006 against INV-00008,RCP-00006,CUST-002,kchan,
GL-000697,2026-02-26,2026-02,1000,Cash – Operating Account,Cash Receipt,5833.32,0,Payment received RCP-00007 – CUST-002,RCP-00007,CUST-002,kchan,
GL-000698,2026-02-26,2026-02,1200,Accounts Receivable,Cash Receipt,0,5833.32,AR cleared RCP-00007 against INV-00009,RCP-00007,CUST-002,arogers,
GL-000699,2026-03-08,2026-03,1000,Cash – Operating Account,Cash Receipt,389542.45,0,Payment received RCP-00008 – CUST-003,RCP-00008,CUST-003,tbrown,
GL-000700,2026-03-08,2026-03,1200,Accounts Receivable,Cash Receipt,0,389542.45,AR cleared RCP-00008 against INV-00010,RCP-00008,CUST-003,mlopez,
GL-000701,2026-02-22,2026-02,1000,Cash – Operating Account,Cash Receipt,355854.22,0,Payment received RCP-00009 – CUST-003,RCP-00009,CUST-003,kchan,
GL-000702,2026-02-22,2026-02,1200,Accounts Receivable,Cash Receipt,0,355854.22,AR cleared RCP-00009 against INV-00012,RCP-00009,CUST-003,mlopez,
GL-000703,2026-03-22,2026-03,1000,Cash – Operating Account,Cash Receipt,1028845.06,0,Payment received RCP-00010 – CUST-004,RCP-00010,CUST-004,mlopez,
GL-000704,2026-03-22,2026-03,1200,Accounts Receivable,Cash Receipt,0,1028845.06,AR cleared RCP-00010 against INV-00013,RCP-00010,CUST-004,jsmith,
GL-000705,2026-02-23,2026-02,1000,Cash – Operating Account,Cash Receipt,499121.43,0,Payment received RCP-00011 – CUST-005,RCP-00011,CUST-005,tbrown,
GL-000706,2026-02-23,2026-02,1200,Accounts Receivable,Cash Receipt,0,499121.43,AR cleared RCP-00011 against INV-00015,RCP-00011,CUST-005,tbrown,
GL-000707,2026-02-14,2026-02,1000,Cash – Operating Account,Cash Receipt,382314.95,0,Payment received RCP-00012 – CUST-006,RCP-00012,CUST-006,kchan,
GL-000708,2026-02-14,2026-02,1200,Accounts Receivable,Cash Receipt,0,382314.95,AR cleared RCP-00012 against INV-00017,RCP-00012,CUST-006,jsmith,
GL-000709,2026-02-02,2026-02,1000,Cash – Operating Account,Cash Receipt,92272.74,0,Payment received RCP-00013 – CUST-006,RCP-00013,CUST-006,jsmith,
GL-000710,2026-02-02,2026-02,1200,Accounts Receivable,Cash Receipt,0,92272.74,AR cleared RCP-00013 against INV-00018,RCP-00013,CUST-006,jsmith,
GL-000711,2026-03-05,2026-03,1000,Cash – Operating Account,Cash Receipt,323123.5,0,Payment received RCP-00014 – CUST-007,RCP-00014,CUST-007,tbrown,
GL-000712,2026-03-05,2026-03,1200,Accounts Receivable,Cash Receipt,0,323123.5,AR cleared RCP-00014 against INV-00019,RCP-00014,CUST-007,tbrown,
GL-000713,2026-04-01,2026-04,1000,Cash – Operating Account,Cash Receipt,85707.72,0,Payment received RCP-00015 – CUST-007,RCP-00015,CUST-007,arogers,
GL-000714,2026-04-01,2026-04,1200,Accounts Receivable,Cash Receipt,0,85707.72,AR cleared RCP-00015 against INV-00020,RCP-00015,CUST-007,tbrown,
GL-000715,2026-03-27,2026-03,1000,Cash – Operating Account,Cash Receipt,78315.8,0,Payment received RCP-00016 – CUST-007,RCP-00016,CUST-007,tbrown,
GL-000716,2026-03-27,2026-03,1200,Accounts Receivable,Cash Receipt,0,78315.8,AR cleared RCP-00016 against INV-00021,RCP-00016,CUST-007,jsmith,
GL-000717,2026-03-18,2026-03,1000,Cash – Operating Account,Cash Receipt,3551.98,0,Payment received RCP-00017 – CUST-008,RCP-00017,CUST-008,mlopez,
GL-000718,2026-03-18,2026-03,1200,Accounts Receivable,Cash Receipt,0,3551.98,AR cleared RCP-00017 against INV-00022,RCP-00017,CUST-008,kchan,
GL-000719,2026-03-10,2026-03,1000,Cash – Operating Account,Cash Receipt,351984.97,0,Payment received RCP-00018 – CUST-008,RCP-00018,CUST-008,mlopez,
GL-000720,2026-03-10,2026-03,1200,Accounts Receivable,Cash Receipt,0,351984.97,AR cleared RCP-00018 against INV-00023,RCP-00018,CUST-008,kchan,
GL-000721,2026-02-28,2026-02,1000,Cash – Operating Account,Cash Receipt,81597.51,0,Payment received RCP-00019 – CUST-009,RCP-00019,CUST-009,arogers,
GL-000722,2026-02-28,2026-02,1200,Accounts Receivable,Cash Receipt,0,81597.51,AR cleared RCP-00019 against INV-00024,RCP-00019,CUST-009,tbrown,
GL-000723,2026-03-08,2026-03,1000,Cash – Operating Account,Cash Receipt,215766.06,0,Payment received RCP-00020 – CUST-009,RCP-00020,CUST-009,kchan,
GL-000724,2026-03-08,2026-03,1200,Accounts Receivable,Cash Receipt,0,215766.06,AR cleared RCP-00020 against INV-00025,RCP-00020,CUST-009,kchan,
GL-000725,2026-03-03,2026-03,1000,Cash – Operating Account,Cash Receipt,20151.04,0,Payment received RCP-00021 – CUST-009,RCP-00021,CUST-009,kchan,
GL-000726,2026-03-03,2026-03,1200,Accounts Receivable,Cash Receipt,0,20151.04,AR cleared RCP-00021 against INV-00026,RCP-00021,CUST-009,kchan,
GL-000727,2026-03-09,2026-03,1000,Cash – Operating Account,Cash Receipt,129934.44,0,Payment received RCP-00022 – CUST-010,RCP-00022,CUST-010,tbrown,
GL-000728,2026-03-09,2026-03,1200,Accounts Receivable,Cash Receipt,0,129934.44,AR cleared RCP-00022 against INV-00027,RCP-00022,CUST-010,mlopez,
GL-000729,2026-03-30,2026-03,1000,Cash – Operating Account,Cash Receipt,399381.75,0,Payment received RCP-00023 – CUST-010,RCP-00023,CUST-010,kchan,
GL-000730,2026-03-30,2026-03,1200,Accounts Receivable,Cash Receipt,0,399381.75,AR cleared RCP-00023 against INV-00028,RCP-00023,CUST-010,jsmith,
GL-000731,2026-03-08,2026-03,1000,Cash – Operating Account,Cash Receipt,14934.24,0,Payment received RCP-00024 – CUST-010,RCP-00024,CUST-010,kchan,
GL-000732,2026-03-08,2026-03,1200,Accounts Receivable,Cash Receipt,0,14934.24,AR cleared RCP-00024 against INV-00029,RCP-00024,CUST-010,tbrown,
GL-000733,2026-02-02,2026-02,1000,Cash – Operating Account,Cash Receipt,403775.65,0,Payment received RCP-00025 – CUST-011,RCP-00025,CUST-011,jsmith,
GL-000734,2026-02-02,2026-02,1200,Accounts Receivable,Cash Receipt,0,403775.65,AR cleared RCP-00025 against INV-00030,RCP-00025,CUST-011,tbrown,
GL-000735,2026-02-27,2026-02,1000,Cash – Operating Account,Cash Receipt,293811.01,0,Payment received RCP-00026 – CUST-011,RCP-00026,CUST-011,arogers,
GL-000736,2026-02-27,2026-02,1200,Accounts Receivable,Cash Receipt,0,293811.01,AR cleared RCP-00026 against INV-00031,RCP-00026,CUST-011,tbrown,
GL-000737,2026-02-08,2026-02,1000,Cash – Operating Account,Cash Receipt,40136.72,0,Payment received RCP-00027 – CUST-011,RCP-00027,CUST-011,jsmith,
GL-000738,2026-02-08,2026-02,1200,Accounts Receivable,Cash Receipt,0,40136.72,AR cleared RCP-00027 against INV-00032,RCP-00027,CUST-011,mlopez,
GL-000739,2026-02-16,2026-02,1000,Cash – Operating Account,Cash Receipt,335652.84,0,Payment received RCP-00028 – CUST-011,RCP-00028,CUST-011,jsmith,
GL-000740,2026-02-16,2026-02,1200,Accounts Receivable,Cash Receipt,0,335652.84,AR cleared RCP-00028 against INV-00033,RCP-00028,CUST-011,mlopez,
GL-000741,2026-02-17,2026-02,1000,Cash – Operating Account,Cash Receipt,255414.45,0,Payment received RCP-00029 – CUST-011,RCP-00029,CUST-011,jsmith,
GL-000742,2026-02-17,2026-02,1200,Accounts Receivable,Cash Receipt,0,255414.45,AR cleared RCP-00029 against INV-00034,RCP-00029,CUST-011,kchan,
GL-000743,2026-02-28,2026-02,1000,Cash – Operating Account,Cash Receipt,24141.47,0,Payment received RCP-00030 – CUST-011,RCP-00030,CUST-011,tbrown,
GL-000744,2026-02-28,2026-02,1200,Accounts Receivable,Cash Receipt,0,24141.47,AR cleared RCP-00030 against INV-00035,RCP-00030,CUST-011,arogers,
GL-000745,2026-02-14,2026-02,1000,Cash – Operating Account,Cash Receipt,13201.78,0,Payment received RCP-00031 – CUST-011,RCP-00031,CUST-011,mlopez,
GL-000746,2026-02-14,2026-02,1200,Accounts Receivable,Cash Receipt,0,13201.78,AR cleared RCP-00031 against INV-00036,RCP-00031,CUST-011,mlopez,
GL-000747,2026-02-09,2026-02,1000,Cash – Operating Account,Cash Receipt,4191.73,0,Payment received RCP-00032 – CUST-011,RCP-00032,CUST-011,kchan,
GL-000748,2026-02-09,2026-02,1200,Accounts Receivable,Cash Receipt,0,4191.73,AR cleared RCP-00032 against INV-00037,RCP-00032,CUST-011,kchan,
GL-000749,2026-03-12,2026-03,1000,Cash – Operating Account,Cash Receipt,1030154.8,0,Payment received RCP-00033 – CUST-012,RCP-00033,CUST-012,jsmith,
GL-000750,2026-03-12,2026-03,1200,Accounts Receivable,Cash Receipt,0,1030154.8,AR cleared RCP-00033 against INV-00038,RCP-00033,CUST-012,mlopez,
GL-000751,2026-03-19,2026-03,1000,Cash – Operating Account,Cash Receipt,25129.48,0,Payment received RCP-00034 – CUST-012,RCP-00034,CUST-012,tbrown,
GL-000752,2026-03-19,2026-03,1200,Accounts Receivable,Cash Receipt,0,25129.48,AR cleared RCP-00034 against INV-00039,RCP-00034,CUST-012,jsmith,
GL-000753,2026-03-02,2026-03,1000,Cash – Operating Account,Cash Receipt,108708.84,0,Payment received RCP-00035 – CUST-012,RCP-00035,CUST-012,kchan,
GL-000754,2026-03-02,2026-03,2050,Customer Deposits – Suspense,Unapplied Cash,0,108708.84,Unapplied cash RCP-00035 – held in suspense,RCP-00035,CUST-012,mlopez,SCENARIO: Unapplied – not cleared against AR
GL-000755,2026-03-01,2026-03,1000,Cash – Operating Account,Cash Receipt,30685.47,0,Payment received RCP-00036 – CUST-012,RCP-00036,CUST-012,arogers,
GL-000756,2026-03-01,2026-03,1200,Accounts Receivable,Cash Receipt,0,30685.47,AR cleared RCP-00036 against INV-00042,RCP-00036,CUST-012,arogers,
GL-000757,2026-02-16,2026-02,1000,Cash – Operating Account,Cash Receipt,156527.12,0,Payment received RCP-00037 – CUST-013,RCP-00037,CUST-013,mlopez,
GL-000758,2026-02-16,2026-02,1200,Accounts Receivable,Cash Receipt,0,156527.12,AR cleared RCP-00037 against INV-00043,RCP-00037,CUST-013,tbrown,
GL-000759,2026-03-04,2026-03,1000,Cash – Operating Account,Cash Receipt,798454.45,0,Payment received RCP-00038 – CUST-013,RCP-00038,CUST-013,mlopez,
GL-000760,2026-03-04,2026-03,1200,Accounts Receivable,Cash Receipt,0,798454.45,AR cleared RCP-00038 against INV-00044,RCP-00038,CUST-013,tbrown,
GL-000761,2026-02-28,2026-02,1000,Cash – Operating Account,Cash Receipt,22653.19,0,Payment received RCP-00039 – CUST-013,RCP-00039,CUST-013,kchan,
GL-000762,2026-02-28,2026-02,1200,Accounts Receivable,Cash Receipt,0,22653.19,AR cleared RCP-00039 against INV-00045,RCP-00039,CUST-013,tbrown,
GL-000763,2026-02-12,2026-02,1000,Cash – Operating Account,Cash Receipt,133725.41,0,Payment received RCP-00040 – CUST-013,RCP-00040,CUST-013,tbrown,
GL-000764,2026-02-12,2026-02,1200,Accounts Receivable,Cash Receipt,0,133725.41,AR cleared RCP-00040 against INV-00046,RCP-00040,CUST-013,mlopez,
GL-000765,2026-02-27,2026-02,1000,Cash – Operating Account,Cash Receipt,114543.74,0,Payment received RCP-00041 – CUST-013,RCP-00041,CUST-013,mlopez,
GL-000766,2026-02-27,2026-02,1200,Accounts Receivable,Cash Receipt,0,114543.74,AR cleared RCP-00041 against INV-00047,RCP-00041,CUST-013,arogers,
GL-000767,2026-03-01,2026-03,1000,Cash – Operating Account,Cash Receipt,9212.85,0,Payment received RCP-00042 – CUST-013,RCP-00042,CUST-013,kchan,
GL-000768,2026-03-01,2026-03,1200,Accounts Receivable,Cash Receipt,0,9212.85,AR cleared RCP-00042 against INV-00048,RCP-00042,CUST-013,jsmith,
GL-000769,2026-03-04,2026-03,1000,Cash – Operating Account,Cash Receipt,1714.42,0,Payment received RCP-00043 – CUST-013,RCP-00043,CUST-013,mlopez,
GL-000770,2026-03-04,2026-03,1200,Accounts Receivable,Cash Receipt,0,1714.42,AR cleared RCP-00043 against INV-00049,RCP-00043,CUST-013,kchan,
GL-000771,2026-02-10,2026-02,1000,Cash – Operating Account,Cash Receipt,7982.1,0,Payment received RCP-00044 – CUST-013,RCP-00044,CUST-013,kchan,
GL-000772,2026-02-10,2026-02,1200,Accounts Receivable,Cash Receipt,0,7982.1,AR cleared RCP-00044 against INV-00050,RCP-00044,CUST-013,arogers,
GL-000773,2026-03-20,2026-03,1000,Cash – Operating Account,Cash Receipt,150303.95,0,Payment received RCP-00045 – CUST-014,RCP-00045,CUST-014,mlopez,
GL-000774,2026-03-20,2026-03,1200,Accounts Receivable,Cash Receipt,0,150303.95,AR cleared RCP-00045 against INV-00051,RCP-00045,CUST-014,mlopez,
GL-000775,2026-03-08,2026-03,1000,Cash – Operating Account,Cash Receipt,39691.57,0,Payment received RCP-00046 – CUST-016,RCP-00046,CUST-016,kchan,
GL-000776,2026-03-08,2026-03,1200,Accounts Receivable,Cash Receipt,0,39691.57,AR cleared RCP-00046 against INV-00053,RCP-00046,CUST-016,mlopez,
GL-000777,2026-03-10,2026-03,1000,Cash – Operating Account,Cash Receipt,48751.73,0,Payment received RCP-00047 – CUST-017,RCP-00047,CUST-017,arogers,
GL-000778,2026-03-10,2026-03,1200,Accounts Receivable,Cash Receipt,0,48751.73,AR cleared RCP-00047 against INV-00054,RCP-00047,CUST-017,arogers,
GL-000779,2026-03-09,2026-03,1000,Cash – Operating Account,Cash Receipt,5855.76,0,Payment received RCP-00048 – CUST-018,RCP-00048,CUST-018,arogers,
GL-000780,2026-03-09,2026-03,1200,Accounts Receivable,Cash Receipt,0,5855.76,AR cleared RCP-00048 against INV-00055,RCP-00048,CUST-018,mlopez,
GL-000781,2026-03-05,2026-03,1000,Cash – Operating Account,Cash Receipt,151038.26,0,Payment received RCP-00049 – CUST-019,RCP-00049,CUST-019,mlopez,
GL-000782,2026-03-05,2026-03,1200,Accounts Receivable,Cash Receipt,0,151038.26,AR cleared RCP-00049 against INV-00056,RCP-00049,CUST-019,arogers,
GL-000783,2026-02-26,2026-02,1000,Cash – Operating Account,Cash Receipt,27716.22,0,Payment received RCP-00050 – CUST-020,RCP-00050,CUST-020,tbrown,
GL-000784,2026-02-26,2026-02,1200,Accounts Receivable,Cash Receipt,0,27716.22,AR cleared RCP-00050 against INV-00057,RCP-00050,CUST-020,jsmith,
GL-000785,2026-03-03,2026-03,1000,Cash – Operating Account,Cash Receipt,175460.28,0,Payment received RCP-00051 – CUST-021,RCP-00051,CUST-021,kchan,
GL-000786,2026-03-03,2026-03,1200,Accounts Receivable,Cash Receipt,0,175460.28,AR cleared RCP-00051 against INV-00058,RCP-00051,CUST-021,tbrown,
GL-000787,2026-02-18,2026-02,1000,Cash – Operating Account,Cash Receipt,46936.27,0,Payment received RCP-00052 – CUST-021,RCP-00052,CUST-021,jsmith,
GL-000788,2026-02-18,2026-02,1200,Accounts Receivable,Cash Receipt,0,46936.27,AR cleared RCP-00052 against INV-00059,RCP-00052,CUST-021,mlopez,
GL-000789,2026-02-09,2026-02,1000,Cash – Operating Account,Cash Receipt,18103.06,0,Payment received RCP-00053 – CUST-021,RCP-00053,CUST-021,kchan,
GL-000790,2026-02-09,2026-02,1200,Accounts Receivable,Cash Receipt,0,18103.06,AR cleared RCP-00053 against INV-00060,RCP-00053,CUST-021,tbrown,
GL-000791,2026-03-31,2026-03,1000,Cash – Operating Account,Cash Receipt,150754.1,0,Payment received RCP-00054 – CUST-022,RCP-00054,CUST-022,kchan,
GL-000792,2026-03-31,2026-03,1200,Accounts Receivable,Cash Receipt,0,150754.1,AR cleared RCP-00054 against INV-00061,RCP-00054,CUST-022,mlopez,
GL-000793,2026-02-26,2026-02,1000,Cash – Operating Account,Cash Receipt,35842.88,0,Payment received RCP-00055 – CUST-022,RCP-00055,CUST-022,jsmith,
GL-000794,2026-02-26,2026-02,1200,Accounts Receivable,Cash Receipt,0,35842.88,AR cleared RCP-00055 against INV-00062,RCP-00055,CUST-022,jsmith,
GL-000795,2026-03-27,2026-03,1000,Cash – Operating Account,Cash Receipt,140706.58,0,Payment received RCP-00056 – CUST-022,RCP-00056,CUST-022,jsmith,
GL-000796,2026-03-27,2026-03,1200,Accounts Receivable,Cash Receipt,0,140706.58,AR cleared RCP-00056 against INV-00063,RCP-00056,CUST-022,tbrown,
GL-000797,2026-03-07,2026-03,1000,Cash – Operating Account,Cash Receipt,604711.76,0,Payment received RCP-00057 – CUST-023,RCP-00057,CUST-023,jsmith,
GL-000798,2026-03-07,2026-03,1200,Accounts Receivable,Cash Receipt,0,604711.76,AR cleared RCP-00057 against INV-00065,RCP-00057,CUST-023,tbrown,
GL-000799,2026-03-04,2026-03,1000,Cash – Operating Account,Cash Receipt,34007.11,0,Payment received RCP-00058 – CUST-023,RCP-00058,CUST-023,tbrown,
GL-000800,2026-03-04,2026-03,1200,Accounts Receivable,Cash Receipt,0,34007.11,AR cleared RCP-00058 against INV-00066,RCP-00058,CUST-023,arogers,
GL-000801,2026-03-01,2026-03,1000,Cash – Operating Account,Cash Receipt,52844.06,0,Payment received RCP-00059 – CUST-023,RCP-00059,CUST-023,tbrown,
GL-000802,2026-03-01,2026-03,1200,Accounts Receivable,Cash Receipt,0,52844.06,AR cleared RCP-00059 against INV-00067,RCP-00059,CUST-023,kchan,
GL-000803,2026-02-15,2026-02,1000,Cash – Operating Account,Cash Receipt,461199.24,0,Payment received RCP-00060 – CUST-024,RCP-00060,CUST-024,jsmith,
GL-000804,2026-02-15,2026-02,1200,Accounts Receivable,Cash Receipt,0,461199.24,AR cleared RCP-00060 against INV-00068,RCP-00060,CUST-024,tbrown,
GL-000805,2026-02-07,2026-02,1000,Cash – Operating Account,Cash Receipt,173434.69,0,Payment received RCP-00061 – CUST-025,RCP-00061,CUST-025,mlopez,
GL-000806,2026-02-07,2026-02,1200,Accounts Receivable,Cash Receipt,0,173434.69,AR cleared RCP-00061 against INV-00069,RCP-00061,CUST-025,tbrown,
GL-000807,2026-02-12,2026-02,1000,Cash – Operating Account,Cash Receipt,47517.3,0,Payment received RCP-00062 – CUST-025,RCP-00062,CUST-025,tbrown,
GL-000808,2026-02-12,2026-02,1200,Accounts Receivable,Cash Receipt,0,47517.3,AR cleared RCP-00062 against INV-00070,RCP-00062,CUST-025,arogers,
GL-000809,2026-03-03,2026-03,1000,Cash – Operating Account,Cash Receipt,236801.51,0,Payment received RCP-00063 – CUST-026,RCP-00063,CUST-026,kchan,
GL-000810,2026-03-03,2026-03,1200,Accounts Receivable,Cash Receipt,0,236801.51,AR cleared RCP-00063 against INV-00071,RCP-00063,CUST-026,mlopez,
GL-000811,2026-02-26,2026-02,1000,Cash – Operating Account,Cash Receipt,40468.94,0,Payment received RCP-00064 – CUST-026,RCP-00064,CUST-026,arogers,
GL-000812,2026-02-26,2026-02,1200,Accounts Receivable,Cash Receipt,0,40468.94,AR cleared RCP-00064 against INV-00072,RCP-00064,CUST-026,kchan,
GL-000813,2026-03-09,2026-03,1000,Cash – Operating Account,Cash Receipt,91679.96,0,Payment received RCP-00065 – CUST-027,RCP-00065,CUST-027,tbrown,
GL-000814,2026-03-09,2026-03,1200,Accounts Receivable,Cash Receipt,0,91679.96,AR cleared RCP-00065 against INV-00073,RCP-00065,CUST-027,mlopez,
GL-000815,2026-03-08,2026-03,1000,Cash – Operating Account,Cash Receipt,189260.64,0,Payment received RCP-00066 – CUST-027,RCP-00066,CUST-027,kchan,
GL-000816,2026-03-08,2026-03,1200,Accounts Receivable,Cash Receipt,0,189260.64,AR cleared RCP-00066 against INV-00074,RCP-00066,CUST-027,arogers,
GL-000817,2026-03-09,2026-03,1000,Cash – Operating Account,Cash Receipt,25310.03,0,Payment received RCP-00067 – CUST-027,RCP-00067,CUST-027,tbrown,
GL-000818,2026-03-09,2026-03,1200,Accounts Receivable,Cash Receipt,0,25310.03,AR cleared RCP-00067 against INV-00075,RCP-00067,CUST-027,tbrown,
GL-000819,2026-03-01,2026-03,1000,Cash – Operating Account,Cash Receipt,20295.78,0,Payment received RCP-00068 – CUST-027,RCP-00068,CUST-027,jsmith,
GL-000820,2026-03-01,2026-03,2050,Customer Deposits – Suspense,Unapplied Cash,0,20295.78,Unapplied cash RCP-00068 – held in suspense,RCP-00068,CUST-027,arogers,SCENARIO: Unapplied – not cleared against AR
GL-000821,2026-03-06,2026-03,1000,Cash – Operating Account,Cash Receipt,10313.86,0,Payment received RCP-00069 – CUST-027,RCP-00069,CUST-027,mlopez,
GL-000822,2026-03-06,2026-03,1200,Accounts Receivable,Cash Receipt,0,10313.86,AR cleared RCP-00069 against INV-00077,RCP-00069,CUST-027,tbrown,
GL-000823,2026-03-09,2026-03,1000,Cash – Operating Account,Cash Receipt,4318.35,0,Payment received RCP-00070 – CUST-027,RCP-00070,CUST-027,jsmith,
GL-000824,2026-03-09,2026-03,1200,Accounts Receivable,Cash Receipt,0,4318.35,AR cleared RCP-00070 against INV-00078,RCP-00070,CUST-027,kchan,
GL-000825,2026-03-03,2026-03,1000,Cash – Operating Account,Cash Receipt,3594.13,0,Payment received RCP-00071 – CUST-028,RCP-00071,CUST-028,tbrown,
GL-000826,2026-03-03,2026-03,1200,Accounts Receivable,Cash Receipt,0,3594.13,AR cleared RCP-00071 against INV-00079,RCP-00071,CUST-028,kchan,
GL-000827,2026-03-09,2026-03,1000,Cash – Operating Account,Cash Receipt,110555.76,0,Payment received RCP-00072 – CUST-029,RCP-00072,CUST-029,tbrown,
GL-000828,2026-03-09,2026-03,1200,Accounts Receivable,Cash Receipt,0,110555.76,AR cleared RCP-00072 against INV-00080,RCP-00072,CUST-029,kchan,
GL-000829,2026-02-27,2026-02,1000,Cash – Operating Account,Cash Receipt,65298.73,0,Payment received RCP-00073 – CUST-030,RCP-00073,CUST-030,arogers,
GL-000830,2026-02-27,2026-02,1200,Accounts Receivable,Cash Receipt,0,65298.73,AR cleared RCP-00073 against INV-00081,RCP-00073,CUST-030,kchan,
GL-000831,2026-03-16,2026-03,1000,Cash – Operating Account,Cash Receipt,69156.29,0,Payment received RCP-00074 – CUST-031,RCP-00074,CUST-031,kchan,
GL-000832,2026-03-16,2026-03,1200,Accounts Receivable,Cash Receipt,0,69156.29,AR cleared RCP-00074 against INV-00082,RCP-00074,CUST-031,tbrown,
GL-000833,2026-03-30,2026-03,1000,Cash – Operating Account,Cash Receipt,28852.28,0,Payment received RCP-00075 – CUST-032,RCP-00075,CUST-032,tbrown,
GL-000834,2026-03-30,2026-03,1200,Accounts Receivable,Cash Receipt,0,28852.28,AR cleared RCP-00075 against INV-00083,RCP-00075,CUST-032,kchan,
GL-000835,2026-03-18,2026-03,1000,Cash – Operating Account,Cash Receipt,23364.84,0,Payment received RCP-00076 – CUST-034,RCP-00076,CUST-034,arogers,
GL-000836,2026-03-18,2026-03,1200,Accounts Receivable,Cash Receipt,0,23364.84,AR cleared RCP-00076 against INV-00085,RCP-00076,CUST-034,mlopez,
GL-000837,2026-03-08,2026-03,1000,Cash – Operating Account,Cash Receipt,82548.51,0,Payment received RCP-00077 – CUST-035,RCP-00077,CUST-035,jsmith,
GL-000838,2026-03-08,2026-03,1200,Accounts Receivable,Cash Receipt,0,82548.51,AR cleared RCP-00077 against INV-00086,RCP-00077,CUST-035,kchan,
GL-000839,2026-02-15,2026-02,1000,Cash – Operating Account,Cash Receipt,259125.54,0,Payment received RCP-00078 – CUST-036,RCP-00078,CUST-036,arogers,
GL-000840,2026-02-15,2026-02,1200,Accounts Receivable,Cash Receipt,0,259125.54,AR cleared RCP-00078 against INV-00087,RCP-00078,CUST-036,kchan,
GL-000841,2026-03-17,2026-03,1000,Cash – Operating Account,Cash Receipt,63358.1,0,Payment received RCP-00079 – CUST-037,RCP-00079,CUST-037,jsmith,
GL-000842,2026-03-17,2026-03,1200,Accounts Receivable,Cash Receipt,0,63358.1,AR cleared RCP-00079 against INV-00089,RCP-00079,CUST-037,mlopez,
GL-000843,2026-02-14,2026-02,1000,Cash – Operating Account,Cash Receipt,26556.67,0,Payment received RCP-00080 – CUST-037,RCP-00080,CUST-037,mlopez,
GL-000844,2026-02-14,2026-02,1200,Accounts Receivable,Cash Receipt,0,26556.67,AR cleared RCP-00080 against INV-00090,RCP-00080,CUST-037,kchan,
GL-000845,2026-02-20,2026-02,1000,Cash – Operating Account,Cash Receipt,853.49,0,Payment received RCP-00081 – CUST-037,RCP-00081,CUST-037,jsmith,
GL-000846,2026-02-20,2026-02,1200,Accounts Receivable,Cash Receipt,0,853.49,AR cleared RCP-00081 against INV-00091,RCP-00081,CUST-037,kchan,
GL-000847,2026-03-03,2026-03,1000,Cash – Operating Account,Cash Receipt,20261.71,0,Payment received RCP-00082 – CUST-038,RCP-00082,CUST-038,tbrown,
GL-000848,2026-03-03,2026-03,1200,Accounts Receivable,Cash Receipt,0,20261.71,AR cleared RCP-00082 against INV-00092,RCP-00082,CUST-038,mlopez,
GL-000849,2026-02-28,2026-02,1000,Cash – Operating Account,Cash Receipt,68609.89,0,Payment received RCP-00083 – CUST-039,RCP-00083,CUST-039,arogers,
GL-000850,2026-02-28,2026-02,1200,Accounts Receivable,Cash Receipt,0,68609.89,AR cleared RCP-00083 against INV-00093,RCP-00083,CUST-039,arogers,
GL-000851,2026-02-20,2026-02,1000,Cash – Operating Account,Cash Receipt,69340.89,0,Payment received RCP-00084 – CUST-039,RCP-00084,CUST-039,arogers,
GL-000852,2026-02-20,2026-02,1200,Accounts Receivable,Cash Receipt,0,69340.89,AR cleared RCP-00084 against INV-00094,RCP-00084,CUST-039,jsmith,
GL-000853,2026-03-09,2026-03,1000,Cash – Operating Account,Cash Receipt,116082.06,0,Payment received RCP-00085 – CUST-040,RCP-00085,CUST-040,jsmith,
GL-000854,2026-03-09,2026-03,1200,Accounts Receivable,Cash Receipt,0,116082.06,AR cleared RCP-00085 against INV-00095,RCP-00085,CUST-040,mlopez,
GL-000855,2026-02-15,2026-02,1000,Cash – Operating Account,Cash Receipt,56201.98,0,Payment received RCP-00086 – CUST-042,RCP-00086,CUST-042,jsmith,
GL-000856,2026-02-15,2026-02,1200,Accounts Receivable,Cash Receipt,0,56201.98,AR cleared RCP-00086 against INV-00097,RCP-00086,CUST-042,tbrown,
GL-000857,2026-02-21,2026-02,1000,Cash – Operating Account,Cash Receipt,41082.49,0,Payment received RCP-00087 – CUST-043,RCP-00087,CUST-043,mlopez,
GL-000858,2026-02-21,2026-02,1200,Accounts Receivable,Cash Receipt,0,41082.49,AR cleared RCP-00087 against INV-00098,RCP-00087,CUST-043,mlopez,
GL-000859,2026-03-27,2026-03,1000,Cash – Operating Account,Cash Receipt,195836.07,0,Payment received RCP-00088 – CUST-044,RCP-00088,CUST-044,tbrown,
GL-000860,2026-03-27,2026-03,1200,Accounts Receivable,Cash Receipt,0,195836.07,AR cleared RCP-00088 against INV-00099,RCP-00088,CUST-044,tbrown,
GL-000861,2026-04-02,2026-04,1000,Cash – Operating Account,Cash Receipt,173880.1,0,Payment received RCP-00089 – CUST-045,RCP-00089,CUST-045,tbrown,
GL-000862,2026-04-02,2026-04,1200,Accounts Receivable,Cash Receipt,0,173880.1,AR cleared RCP-00089 against INV-00103,RCP-00089,CUST-045,kchan,
GL-000863,2026-04-06,2026-04,1000,Cash – Operating Account,Cash Receipt,3147.75,0,Payment received RCP-00090 – CUST-045,RCP-00090,CUST-045,arogers,
GL-000864,2026-04-06,2026-04,1200,Accounts Receivable,Cash Receipt,0,3147.75,AR cleared RCP-00090 against INV-00105,RCP-00090,CUST-045,arogers,
GL-000865,2026-03-22,2026-03,1000,Cash – Operating Account,Cash Receipt,55274.73,0,Payment received RCP-00091 – CUST-046,RCP-00091,CUST-046,mlopez,
GL-000866,2026-03-22,2026-03,1200,Accounts Receivable,Cash Receipt,0,55274.73,AR cleared RCP-00091 against INV-00106,RCP-00091,CUST-046,tbrown,
GL-000867,2026-03-02,2026-03,1000,Cash – Operating Account,Cash Receipt,88657.62,0,Payment received RCP-00092 – CUST-048,RCP-00092,CUST-048,jsmith,
GL-000868,2026-03-02,2026-03,1200,Accounts Receivable,Cash Receipt,0,88657.62,AR cleared RCP-00092 against INV-00108,RCP-00092,CUST-048,tbrown,
GL-000869,2026-02-05,2026-02,1000,Cash – Operating Account,Cash Receipt,173963.39,0,Payment received RCP-00093 – CUST-048,RCP-00093,CUST-048,mlopez,
GL-000870,2026-02-05,2026-02,1200,Accounts Receivable,Cash Receipt,0,173963.39,AR cleared RCP-00093 against INV-00109,RCP-00093,CUST-048,arogers,
GL-000871,2026-02-27,2026-02,1000,Cash – Operating Account,Cash Receipt,246050.07,0,Payment received RCP-00094 – CUST-049,RCP-00094,CUST-049,kchan,
GL-000872,2026-02-27,2026-02,1200,Accounts Receivable,Cash Receipt,0,246050.07,AR cleared RCP-00094 against INV-00110,RCP-00094,CUST-049,tbrown,
GL-000873,2026-03-31,2026-03,1000,Cash – Operating Account,Cash Receipt,93748.94,0,Payment received RCP-00095 – CUST-050,RCP-00095,CUST-050,arogers,
GL-000874,2026-03-31,2026-03,1200,Accounts Receivable,Cash Receipt,0,93748.94,AR cleared RCP-00095 against INV-00111,RCP-00095,CUST-050,mlopez,
GL-000875,2026-03-03,2026-03,1000,Cash – Operating Account,Cash Receipt,106131.37,0,Payment received RCP-00096 – CUST-051,RCP-00096,CUST-051,mlopez,
GL-000876,2026-03-03,2026-03,1200,Accounts Receivable,Cash Receipt,0,106131.37,AR cleared RCP-00096 against INV-00112,RCP-00096,CUST-051,arogers,
GL-000877,2026-02-06,2026-02,1000,Cash – Operating Account,Cash Receipt,93297.57,0,Payment received RCP-00097 – CUST-052,RCP-00097,CUST-052,arogers,
GL-000878,2026-02-06,2026-02,1200,Accounts Receivable,Cash Receipt,0,93297.57,AR cleared RCP-00097 against INV-00113,RCP-00097,CUST-052,tbrown,
GL-000879,2026-03-15,2026-03,1000,Cash – Operating Account,Cash Receipt,59873.88,0,Payment received RCP-00098 – CUST-053,RCP-00098,CUST-053,jsmith,
GL-000880,2026-03-15,2026-03,1200,Accounts Receivable,Cash Receipt,0,59873.88,AR cleared RCP-00098 against INV-00114,RCP-00098,CUST-053,tbrown,
GL-000881,2026-03-03,2026-03,1000,Cash – Operating Account,Cash Receipt,37014.34,0,Payment received RCP-00099 – CUST-054,RCP-00099,CUST-054,kchan,
GL-000882,2026-03-03,2026-03,1200,Accounts Receivable,Cash Receipt,0,37014.34,AR cleared RCP-00099 against INV-00115,RCP-00099,CUST-054,arogers,
GL-000883,2026-02-15,2026-02,1000,Cash – Operating Account,Cash Receipt,19685.78,0,Payment received RCP-00100 – CUST-055,RCP-00100,CUST-055,kchan,
GL-000884,2026-02-15,2026-02,1200,Accounts Receivable,Cash Receipt,0,19685.78,AR cleared RCP-00100 against INV-00116,RCP-00100,CUST-055,kchan,
GL-000885,2026-02-27,2026-02,1000,Cash – Operating Account,Cash Receipt,40728.46,0,Payment received RCP-00101 – CUST-056,RCP-00101,CUST-056,jsmith,
GL-000886,2026-02-27,2026-02,1200,Accounts Receivable,Cash Receipt,0,40728.46,AR cleared RCP-00101 against INV-00117,RCP-00101,CUST-056,tbrown,
GL-000887,2026-02-22,2026-02,1000,Cash – Operating Account,Cash Receipt,13011.67,0,Payment received RCP-00102 – CUST-057,RCP-00102,CUST-057,mlopez,
GL-000888,2026-02-22,2026-02,1200,Accounts Receivable,Cash Receipt,0,13011.67,AR cleared RCP-00102 against INV-00118,RCP-00102,CUST-057,kchan,
GL-000889,2026-02-28,2026-02,1000,Cash – Operating Account,Cash Receipt,4072.6,0,Payment received RCP-00103 – CUST-058,RCP-00103,CUST-058,kchan,
GL-000890,2026-02-28,2026-02,1200,Accounts Receivable,Cash Receipt,0,4072.6,AR cleared RCP-00103 against INV-00119,RCP-00103,CUST-058,kchan,
GL-000891,2026-02-23,2026-02,1000,Cash – Operating Account,Cash Receipt,7465.12,0,Payment received RCP-00104 – CUST-059,RCP-00104,CUST-059,kchan,
GL-000892,2026-02-23,2026-02,1200,Accounts Receivable,Cash Receipt,0,7465.12,AR cleared RCP-00104 against INV-00120,RCP-00104,CUST-059,mlopez,
GL-000893,2026-02-10,2026-02,1000,Cash – Operating Account,Cash Receipt,24624.87,0,Payment received RCP-00105 – CUST-060,RCP-00105,CUST-060,tbrown,
GL-000894,2026-02-10,2026-02,1200,Accounts Receivable,Cash Receipt,0,24624.87,AR cleared RCP-00105 against INV-00121,RCP-00105,CUST-060,jsmith,
GL-000895,2026-03-05,2026-03,1000,Cash – Operating Account,Cash Receipt,250117.77,0,Payment received RCP-00106 – CUST-001,RCP-00106,CUST-001,kchan,
GL-000896,2026-03-05,2026-03,1200,Accounts Receivable,Cash Receipt,0,250117.77,AR cleared RCP-00106 against INV-00122,RCP-00106,CUST-001,arogers,
GL-000897,2026-03-28,2026-03,1000,Cash – Operating Account,Cash Receipt,262447.08,0,Payment received RCP-00107 – CUST-002,RCP-00107,CUST-002,mlopez,
GL-000898,2026-03-28,2026-03,1200,Accounts Receivable,Cash Receipt,0,262447.08,AR cleared RCP-00107 against INV-00125,RCP-00107,CUST-002,jsmith,
GL-000899,2026-03-25,2026-03,1000,Cash – Operating Account,Cash Receipt,141135.47,0,Payment received RCP-00108 – CUST-002,RCP-00108,CUST-002,arogers,
GL-000900,2026-03-25,2026-03,1200,Accounts Receivable,Cash Receipt,0,141135.47,AR cleared RCP-00108 against INV-00127,RCP-00108,CUST-002,arogers,
GL-000901,2026-03-09,2026-03,1000,Cash – Operating Account,Cash Receipt,852079.52,0,Payment received RCP-00109 – CUST-003,RCP-00109,CUST-003,arogers,
GL-000902,2026-03-09,2026-03,2050,Customer Deposits – Suspense,Unapplied Cash,0,852079.52,Unapplied cash RCP-00109 – held in suspense,RCP-00109,CUST-003,kchan,SCENARIO: Unapplied – not cleared against AR
GL-000903,2026-04-09,2026-04,1000,Cash – Operating Account,Cash Receipt,2639.53,0,Payment received RCP-00110 – CUST-004,RCP-00110,CUST-004,tbrown,
GL-000904,2026-04-09,2026-04,1200,Accounts Receivable,Cash Receipt,0,2639.53,AR cleared RCP-00110 against INV-00134,RCP-00110,CUST-004,kchan,
GL-000905,2026-04-07,2026-04,1000,Cash – Operating Account,Cash Receipt,473.4,0,Payment received RCP-00111 – CUST-004,RCP-00111,CUST-004,arogers,
GL-000906,2026-04-07,2026-04,1200,Accounts Receivable,Cash Receipt,0,473.4,AR cleared RCP-00111 against INV-00135,RCP-00111,CUST-004,jsmith,
GL-000907,2026-03-21,2026-03,1000,Cash – Operating Account,Cash Receipt,9730.15,0,Payment received RCP-00112 – CUST-005,RCP-00112,CUST-005,kchan,
GL-000908,2026-03-21,2026-03,1200,Accounts Receivable,Cash Receipt,0,9730.15,AR cleared RCP-00112 against INV-00139,RCP-00112,CUST-005,jsmith,
GL-000909,2026-03-20,2026-03,1000,Cash – Operating Account,Cash Receipt,571095.5,0,Payment received RCP-00113 – CUST-006,RCP-00113,CUST-006,kchan,
GL-000910,2026-03-20,2026-03,1200,Accounts Receivable,Cash Receipt,0,571095.5,AR cleared RCP-00113 against INV-00140,RCP-00113,CUST-006,tbrown,
GL-000911,2026-04-09,2026-04,1000,Cash – Operating Account,Cash Receipt,46165.12,0,Payment received RCP-00114 – CUST-006,RCP-00114,CUST-006,tbrown,
GL-000912,2026-04-09,2026-04,1200,Accounts Receivable,Cash Receipt,0,46165.12,AR cleared RCP-00114 against INV-00141,RCP-00114,CUST-006,kchan,
GL-000913,2026-03-15,2026-03,1000,Cash – Operating Account,Cash Receipt,316334.55,0,Payment received RCP-00115 – CUST-008,RCP-00115,CUST-008,kchan,
GL-000914,2026-03-15,2026-03,1200,Accounts Receivable,Cash Receipt,0,316334.55,AR cleared RCP-00115 against INV-00144,RCP-00115,CUST-008,tbrown,
GL-000915,2026-03-30,2026-03,1000,Cash – Operating Account,Cash Receipt,70917.75,0,Payment received RCP-00116 – CUST-008,RCP-00116,CUST-008,jsmith,
GL-000916,2026-03-30,2026-03,1200,Accounts Receivable,Cash Receipt,0,70917.75,AR cleared RCP-00116 against INV-00145,RCP-00116,CUST-008,tbrown,
GL-000917,2026-04-03,2026-04,1000,Cash – Operating Account,Cash Receipt,138449.25,0,Payment received RCP-00117 – CUST-009,RCP-00117,CUST-009,kchan,
GL-000918,2026-04-03,2026-04,1200,Accounts Receivable,Cash Receipt,0,138449.25,AR cleared RCP-00117 against INV-00146,RCP-00117,CUST-009,jsmith,
GL-000919,2026-04-09,2026-04,1000,Cash – Operating Account,Cash Receipt,8939.2,0,Payment received RCP-00118 – CUST-009,RCP-00118,CUST-009,kchan,
GL-000920,2026-04-09,2026-04,1200,Accounts Receivable,Cash Receipt,0,8939.2,AR cleared RCP-00118 against INV-00148,RCP-00118,CUST-009,mlopez,
GL-000921,2026-04-05,2026-04,1000,Cash – Operating Account,Cash Receipt,516620.31,0,Payment received RCP-00119 – CUST-010,RCP-00119,CUST-010,kchan,
GL-000922,2026-04-05,2026-04,1200,Accounts Receivable,Cash Receipt,0,516620.31,AR cleared RCP-00119 against INV-00150,RCP-00119,CUST-010,tbrown,
GL-000923,2026-03-30,2026-03,1000,Cash – Operating Account,Cash Receipt,1044792.45,0,Payment received RCP-00120 – CUST-011,RCP-00120,CUST-011,arogers,
GL-000924,2026-03-30,2026-03,1200,Accounts Receivable,Cash Receipt,0,1044792.45,AR cleared RCP-00120 against INV-00151,RCP-00120,CUST-011,tbrown,
GL-000925,2026-03-16,2026-03,1000,Cash – Operating Account,Cash Receipt,213305.51,0,Payment received RCP-00121 – CUST-011,RCP-00121,CUST-011,tbrown,
GL-000926,2026-03-16,2026-03,1200,Accounts Receivable,Cash Receipt,0,213305.51,AR cleared RCP-00121 against INV-00152,RCP-00121,CUST-011,jsmith,
GL-000927,2026-03-27,2026-03,1000,Cash – Operating Account,Cash Receipt,52225.32,0,Payment received RCP-00122 – CUST-011,RCP-00122,CUST-011,mlopez,
GL-000928,2026-03-27,2026-03,1200,Accounts Receivable,Cash Receipt,0,52225.32,AR cleared RCP-00122 against INV-00153,RCP-00122,CUST-011,jsmith,
GL-000929,2026-03-20,2026-03,1000,Cash – Operating Account,Cash Receipt,65222.4,0,Payment received RCP-00123 – CUST-011,RCP-00123,CUST-011,kchan,
GL-000930,2026-03-20,2026-03,1200,Accounts Receivable,Cash Receipt,0,65222.4,AR cleared RCP-00123 against INV-00154,RCP-00123,CUST-011,arogers,
GL-000931,2026-03-26,2026-03,1000,Cash – Operating Account,Cash Receipt,7580.18,0,Payment received RCP-00124 – CUST-011,RCP-00124,CUST-011,tbrown,
GL-000932,2026-03-26,2026-03,1200,Accounts Receivable,Cash Receipt,0,7580.18,AR cleared RCP-00124 against INV-00155,RCP-00124,CUST-011,arogers,
GL-000933,2026-03-25,2026-03,1000,Cash – Operating Account,Cash Receipt,168217.03,0,Payment received RCP-00125 – CUST-012,RCP-00125,CUST-012,arogers,
GL-000934,2026-03-25,2026-03,1200,Accounts Receivable,Cash Receipt,0,168217.03,AR cleared RCP-00125 against INV-00156,RCP-00125,CUST-012,kchan,
GL-000935,2026-03-29,2026-03,1000,Cash – Operating Account,Cash Receipt,106337.61,0,Payment received RCP-00126 – CUST-012,RCP-00126,CUST-012,kchan,
GL-000936,2026-03-29,2026-03,1200,Accounts Receivable,Cash Receipt,0,106337.61,AR cleared RCP-00126 against INV-00157,RCP-00126,CUST-012,arogers,
GL-000937,2026-04-01,2026-04,1000,Cash – Operating Account,Cash Receipt,366608.85,0,Payment received RCP-00127 – CUST-012,RCP-00127,CUST-012,tbrown,
GL-000938,2026-04-01,2026-04,1200,Accounts Receivable,Cash Receipt,0,366608.85,AR cleared RCP-00127 against INV-00159,RCP-00127,CUST-012,kchan,
GL-000939,2026-03-15,2026-03,1000,Cash – Operating Account,Cash Receipt,18275.17,0,Payment received RCP-00128 – CUST-012,RCP-00128,CUST-012,tbrown,
GL-000940,2026-03-15,2026-03,1200,Accounts Receivable,Cash Receipt,0,18275.17,AR cleared RCP-00128 against INV-00160,RCP-00128,CUST-012,kchan,
GL-000941,2026-03-31,2026-03,1000,Cash – Operating Account,Cash Receipt,1215326.54,0,Payment received RCP-00129 – CUST-013,RCP-00129,CUST-013,tbrown,
GL-000942,2026-03-31,2026-03,1200,Accounts Receivable,Cash Receipt,0,1215326.54,AR cleared RCP-00129 against INV-00161,RCP-00129,CUST-013,tbrown,
GL-000943,2026-03-17,2026-03,1000,Cash – Operating Account,Cash Receipt,20575.62,0,Payment received RCP-00130 – CUST-013,RCP-00130,CUST-013,mlopez,
GL-000944,2026-03-17,2026-03,1200,Accounts Receivable,Cash Receipt,0,20575.62,AR cleared RCP-00130 against INV-00162,RCP-00130,CUST-013,kchan,
GL-000945,2026-04-09,2026-04,1000,Cash – Operating Account,Cash Receipt,21425.43,0,Payment received RCP-00131 – CUST-015,RCP-00131,CUST-015,mlopez,
GL-000946,2026-04-09,2026-04,1200,Accounts Receivable,Cash Receipt,0,21425.43,AR cleared RCP-00131 against INV-00165,RCP-00131,CUST-015,arogers,
GL-000947,2026-04-01,2026-04,1000,Cash – Operating Account,Cash Receipt,75727.17,0,Payment received RCP-00132 – CUST-015,RCP-00132,CUST-015,tbrown,
GL-000948,2026-04-01,2026-04,1200,Accounts Receivable,Cash Receipt,0,75727.17,AR cleared RCP-00132 against INV-00166,RCP-00132,CUST-015,tbrown,
GL-000949,2026-03-22,2026-03,1000,Cash – Operating Account,Cash Receipt,92062.65,0,Payment received RCP-00133 – CUST-016,RCP-00133,CUST-016,jsmith,
GL-000950,2026-03-22,2026-03,1200,Accounts Receivable,Cash Receipt,0,92062.65,AR cleared RCP-00133 against INV-00168,RCP-00133,CUST-016,kchan,
GL-000951,2026-03-21,2026-03,1000,Cash – Operating Account,Cash Receipt,59375.99,0,Payment received RCP-00134 – CUST-018,RCP-00134,CUST-018,arogers,
GL-000952,2026-03-21,2026-03,1200,Accounts Receivable,Cash Receipt,0,59375.99,AR cleared RCP-00134 against INV-00170,RCP-00134,CUST-018,arogers,
GL-000953,2026-03-07,2026-03,1000,Cash – Operating Account,Cash Receipt,11593.38,0,Payment received RCP-00135 – CUST-020,RCP-00135,CUST-020,kchan,
GL-000954,2026-03-07,2026-03,1200,Accounts Receivable,Cash Receipt,0,11593.38,AR cleared RCP-00135 against INV-00172,RCP-00135,CUST-020,jsmith,
GL-000955,2026-03-17,2026-03,1000,Cash – Operating Account,Cash Receipt,135948.08,0,Payment received RCP-00136 – CUST-020,RCP-00136,CUST-020,jsmith,
GL-000956,2026-03-17,2026-03,1200,Accounts Receivable,Cash Receipt,0,135948.08,AR cleared RCP-00136 against INV-00173,RCP-00136,CUST-020,kchan,
GL-000957,2026-04-07,2026-04,1000,Cash – Operating Account,Cash Receipt,201790.57,0,Payment received RCP-00137 – CUST-021,RCP-00137,CUST-021,tbrown,
GL-000958,2026-04-07,2026-04,1200,Accounts Receivable,Cash Receipt,0,201790.57,AR cleared RCP-00137 against INV-00174,RCP-00137,CUST-021,tbrown,
GL-000959,2026-04-01,2026-04,1000,Cash – Operating Account,Cash Receipt,23294.72,0,Payment received RCP-00138 – CUST-021,RCP-00138,CUST-021,arogers,
GL-000960,2026-04-01,2026-04,1200,Accounts Receivable,Cash Receipt,0,23294.72,AR cleared RCP-00138 against INV-00175,RCP-00138,CUST-021,kchan,
GL-000961,2026-03-27,2026-03,1000,Cash – Operating Account,Cash Receipt,201646.31,0,Payment received RCP-00139 – CUST-022,RCP-00139,CUST-022,tbrown,
GL-000962,2026-03-27,2026-03,1200,Accounts Receivable,Cash Receipt,0,201646.31,AR cleared RCP-00139 against INV-00176,RCP-00139,CUST-022,jsmith,
GL-000963,2026-04-09,2026-04,1000,Cash – Operating Account,Cash Receipt,72086.84,0,Payment received RCP-00140 – CUST-022,RCP-00140,CUST-022,kchan,
GL-000964,2026-04-09,2026-04,1200,Accounts Receivable,Cash Receipt,0,72086.84,AR cleared RCP-00140 against INV-00178,RCP-00140,CUST-022,arogers,
GL-000965,2026-04-09,2026-04,1000,Cash – Operating Account,Cash Receipt,10898.15,0,Payment received RCP-00141 – CUST-022,RCP-00141,CUST-022,tbrown,
GL-000966,2026-04-09,2026-04,1200,Accounts Receivable,Cash Receipt,0,10898.15,AR cleared RCP-00141 against INV-00179,RCP-00141,CUST-022,tbrown,
GL-000967,2026-03-30,2026-03,1000,Cash – Operating Account,Cash Receipt,412940.46,0,Payment received RCP-00142 – CUST-023,RCP-00142,CUST-023,jsmith,
GL-000968,2026-03-30,2026-03,1200,Accounts Receivable,Cash Receipt,0,412940.46,AR cleared RCP-00142 against INV-00180,RCP-00142,CUST-023,tbrown,
GL-000969,2026-03-11,2026-03,1000,Cash – Operating Account,Cash Receipt,30385.86,0,Payment received RCP-00143 – CUST-023,RCP-00143,CUST-023,tbrown,
GL-000970,2026-03-11,2026-03,1200,Accounts Receivable,Cash Receipt,0,30385.86,AR cleared RCP-00143 against INV-00181,RCP-00143,CUST-023,jsmith,
GL-000971,2026-03-05,2026-03,1000,Cash – Operating Account,Cash Receipt,484770.36,0,Payment received RCP-00144 – CUST-024,RCP-00144,CUST-024,jsmith,
GL-000972,2026-03-05,2026-03,1200,Accounts Receivable,Cash Receipt,0,484770.36,AR cleared RCP-00144 against INV-00182,RCP-00144,CUST-024,arogers,
GL-000973,2026-03-14,2026-03,1000,Cash – Operating Account,Cash Receipt,63718.04,0,Payment received RCP-00145 – CUST-024,RCP-00145,CUST-024,kchan,
GL-000974,2026-03-14,2026-03,1200,Accounts Receivable,Cash Receipt,0,63718.04,AR cleared RCP-00145 against INV-00183,RCP-00145,CUST-024,tbrown,
GL-000975,2026-03-07,2026-03,1000,Cash – Operating Account,Cash Receipt,139954.93,0,Payment received RCP-00146 – CUST-025,RCP-00146,CUST-025,tbrown,
GL-000976,2026-03-07,2026-03,1200,Accounts Receivable,Cash Receipt,0,139954.93,AR cleared RCP-00146 against INV-00184,RCP-00146,CUST-025,jsmith,
GL-000977,2026-03-28,2026-03,1000,Cash – Operating Account,Cash Receipt,54476.89,0,Payment received RCP-00147 – CUST-025,RCP-00147,CUST-025,arogers,
GL-000978,2026-03-28,2026-03,1200,Accounts Receivable,Cash Receipt,0,54476.89,AR cleared RCP-00147 against INV-00185,RCP-00147,CUST-025,tbrown,
GL-000979,2026-03-22,2026-03,1000,Cash – Operating Account,Cash Receipt,20524.92,0,Payment received RCP-00148 – CUST-025,RCP-00148,CUST-025,arogers,
GL-000980,2026-03-22,2026-03,1200,Accounts Receivable,Cash Receipt,0,20524.92,AR cleared RCP-00148 against INV-00186,RCP-00148,CUST-025,mlopez,
GL-000981,2026-04-09,2026-04,1000,Cash – Operating Account,Cash Receipt,24223.93,0,Payment received RCP-00149 – CUST-026,RCP-00149,CUST-026,jsmith,
GL-000982,2026-04-09,2026-04,1200,Accounts Receivable,Cash Receipt,0,24223.93,AR cleared RCP-00149 against INV-00187,RCP-00149,CUST-026,tbrown,
GL-000983,2026-04-09,2026-04,1000,Cash – Operating Account,Cash Receipt,257267.89,0,Payment received RCP-00150 – CUST-026,RCP-00150,CUST-026,arogers,
GL-000984,2026-04-09,2026-04,1200,Accounts Receivable,Cash Receipt,0,257267.89,AR cleared RCP-00150 against INV-00188,RCP-00150,CUST-026,kchan,
GL-000985,2026-03-30,2026-03,1000,Cash – Operating Account,Cash Receipt,37379.37,0,Payment received RCP-00151 – CUST-026,RCP-00151,CUST-026,arogers,
GL-000986,2026-03-30,2026-03,1200,Accounts Receivable,Cash Receipt,0,37379.37,AR cleared RCP-00151 against INV-00190,RCP-00151,CUST-026,arogers,
GL-000987,2026-03-23,2026-03,1000,Cash – Operating Account,Cash Receipt,320977.96,0,Payment received RCP-00152 – CUST-027,RCP-00152,CUST-027,mlopez,
GL-000988,2026-03-23,2026-03,1200,Accounts Receivable,Cash Receipt,0,320977.96,AR cleared RCP-00152 against INV-00191,RCP-00152,CUST-027,tbrown,
GL-000989,2026-04-07,2026-04,1000,Cash – Operating Account,Cash Receipt,76007.16,0,Payment received RCP-00153 – CUST-029,RCP-00153,CUST-029,tbrown,
GL-000990,2026-04-07,2026-04,1200,Accounts Receivable,Cash Receipt,0,76007.16,AR cleared RCP-00153 against INV-00193,RCP-00153,CUST-029,jsmith,
GL-000991,2026-03-10,2026-03,1000,Cash – Operating Account,Cash Receipt,92357.95,0,Payment received RCP-00154 – CUST-030,RCP-00154,CUST-030,arogers,
GL-000992,2026-03-10,2026-03,1200,Accounts Receivable,Cash Receipt,0,92357.95,AR cleared RCP-00154 against INV-00194,RCP-00154,CUST-030,kchan,
GL-000993,2026-03-28,2026-03,1000,Cash – Operating Account,Cash Receipt,30311.83,0,Payment received RCP-00155 – CUST-033,RCP-00155,CUST-033,mlopez,
GL-000994,2026-03-28,2026-03,1200,Accounts Receivable,Cash Receipt,0,30311.83,AR cleared RCP-00155 against INV-00197,RCP-00155,CUST-033,arogers,
GL-000995,2026-04-06,2026-04,1000,Cash – Operating Account,Cash Receipt,63577.29,0,Payment received RCP-00156 – CUST-035,RCP-00156,CUST-035,kchan,
GL-000996,2026-04-06,2026-04,1200,Accounts Receivable,Cash Receipt,0,63577.29,AR cleared RCP-00156 against INV-00199,RCP-00156,CUST-035,jsmith,
GL-000997,2026-03-23,2026-03,1000,Cash – Operating Account,Cash Receipt,99730.14,0,Payment received RCP-00157 – CUST-036,RCP-00157,CUST-036,mlopez,
GL-000998,2026-03-23,2026-03,1200,Accounts Receivable,Cash Receipt,0,99730.14,AR cleared RCP-00157 against INV-00200,RCP-00157,CUST-036,tbrown,
GL-000999,2026-04-03,2026-04,1000,Cash – Operating Account,Cash Receipt,86507.85,0,Payment received RCP-00158 – CUST-036,RCP-00158,CUST-036,tbrown,
GL-001000,2026-04-03,2026-04,1200,Accounts Receivable,Cash Receipt,0,86507.85,AR cleared RCP-00158 against INV-00201,RCP-00158,CUST-036,arogers,
GL-001001,2026-04-02,2026-04,1000,Cash – Operating Account,Cash Receipt,9996.36,0,Payment received RCP-00159 – CUST-036,RCP-00159,CUST-036,mlopez,
GL-001002,2026-04-02,2026-04,1200,Accounts Receivable,Cash Receipt,0,9996.36,AR cleared RCP-00159 against INV-00202,RCP-00159,CUST-036,kchan,
GL-001003,2026-03-24,2026-03,1000,Cash – Operating Account,Cash Receipt,95271.02,0,Payment received RCP-00160 – CUST-039,RCP-00160,CUST-039,jsmith,
GL-001004,2026-03-24,2026-03,1200,Accounts Receivable,Cash Receipt,0,95271.02,AR cleared RCP-00160 against INV-00206,RCP-00160,CUST-039,jsmith,
GL-001005,2026-03-25,2026-03,1000,Cash – Operating Account,Cash Receipt,200843.86,0,Payment received RCP-00161 – CUST-040,RCP-00161,CUST-040,tbrown,
GL-001006,2026-03-25,2026-03,1200,Accounts Receivable,Cash Receipt,0,200843.86,AR cleared RCP-00161 against INV-00207,RCP-00161,CUST-040,tbrown,
GL-001007,2026-03-13,2026-03,1000,Cash – Operating Account,Cash Receipt,112332.26,0,Payment received RCP-00162 – CUST-042,RCP-00162,CUST-042,jsmith,
GL-001008,2026-03-13,2026-03,1200,Accounts Receivable,Cash Receipt,0,112332.26,AR cleared RCP-00162 against INV-00209,RCP-00162,CUST-042,tbrown,
GL-001009,2026-04-09,2026-04,1000,Cash – Operating Account,Cash Receipt,43180.58,0,Payment received RCP-00163 – CUST-043,RCP-00163,CUST-043,jsmith,
GL-001010,2026-04-09,2026-04,1200,Accounts Receivable,Cash Receipt,0,43180.58,AR cleared RCP-00163 against INV-00210,RCP-00163,CUST-043,arogers,
GL-001011,2026-04-09,2026-04,1000,Cash – Operating Account,Cash Receipt,312985.02,0,Payment received RCP-00164 – CUST-044,RCP-00164,CUST-044,kchan,
GL-001012,2026-04-09,2026-04,1200,Accounts Receivable,Cash Receipt,0,312985.02,AR cleared RCP-00164 against INV-00211,RCP-00164,CUST-044,mlopez,
GL-001013,2026-04-09,2026-04,1000,Cash – Operating Account,Cash Receipt,64659.99,0,Payment received RCP-00165 – CUST-047,RCP-00165,CUST-047,arogers,
GL-001014,2026-04-09,2026-04,1200,Accounts Receivable,Cash Receipt,0,64659.99,AR cleared RCP-00165 against INV-00218,RCP-00165,CUST-047,mlopez,
GL-001015,2026-03-19,2026-03,1000,Cash – Operating Account,Cash Receipt,79715.17,0,Payment received RCP-00166 – CUST-048,RCP-00166,CUST-048,jsmith,
GL-001016,2026-03-19,2026-03,1200,Accounts Receivable,Cash Receipt,0,79715.17,AR cleared RCP-00166 against INV-00219,RCP-00166,CUST-048,kchan,
GL-001017,2026-03-27,2026-03,1000,Cash – Operating Account,Cash Receipt,178813.94,0,Payment received RCP-00167 – CUST-048,RCP-00167,CUST-048,arogers,
GL-001018,2026-03-27,2026-03,1200,Accounts Receivable,Cash Receipt,0,178813.94,AR cleared RCP-00167 against INV-00220,RCP-00167,CUST-048,tbrown,
GL-001019,2026-04-06,2026-04,1000,Cash – Operating Account,Cash Receipt,13392.74,0,Payment received RCP-00168 – CUST-048,RCP-00168,CUST-048,mlopez,
GL-001020,2026-04-06,2026-04,1200,Accounts Receivable,Cash Receipt,0,13392.74,AR cleared RCP-00168 against INV-00221,RCP-00168,CUST-048,mlopez,
GL-001021,2026-03-27,2026-03,1000,Cash – Operating Account,Cash Receipt,133736.35,0,Payment received RCP-00169 – CUST-049,RCP-00169,CUST-049,tbrown,
GL-001022,2026-03-27,2026-03,1200,Accounts Receivable,Cash Receipt,0,133736.35,AR cleared RCP-00169 against INV-00222,RCP-00169,CUST-049,arogers,
GL-001023,2026-03-06,2026-03,1000,Cash – Operating Account,Cash Receipt,41632.86,0,Payment received RCP-00170 – CUST-049,RCP-00170,CUST-049,tbrown,
GL-001024,2026-03-06,2026-03,1200,Accounts Receivable,Cash Receipt,0,41632.86,AR cleared RCP-00170 against INV-00223,RCP-00170,CUST-049,mlopez,
GL-001025,2026-04-09,2026-04,1000,Cash – Operating Account,Cash Receipt,13795.17,0,Payment received RCP-00171 – CUST-049,RCP-00171,CUST-049,tbrown,
GL-001026,2026-04-09,2026-04,1200,Accounts Receivable,Cash Receipt,0,13795.17,AR cleared RCP-00171 against INV-00224,RCP-00171,CUST-049,mlopez,
GL-001027,2026-03-29,2026-03,1000,Cash – Operating Account,Cash Receipt,17373.36,0,Payment received RCP-00172 – CUST-050,RCP-00172,CUST-050,arogers,
GL-001028,2026-03-29,2026-03,1200,Accounts Receivable,Cash Receipt,0,17373.36,AR cleared RCP-00172 against INV-00225,RCP-00172,CUST-050,kchan,
GL-001029,2026-03-29,2026-03,1000,Cash – Operating Account,Cash Receipt,56971.53,0,Payment received RCP-00173 – CUST-051,RCP-00173,CUST-051,arogers,
GL-001030,2026-03-29,2026-03,1200,Accounts Receivable,Cash Receipt,0,56971.53,AR cleared RCP-00173 against INV-00226,RCP-00173,CUST-051,tbrown,
GL-001031,2026-03-29,2026-03,1000,Cash – Operating Account,Cash Receipt,40030.56,0,Payment received RCP-00174 – CUST-052,RCP-00174,CUST-052,tbrown,
GL-001032,2026-03-29,2026-03,1200,Accounts Receivable,Cash Receipt,0,40030.56,AR cleared RCP-00174 against INV-00227,RCP-00174,CUST-052,arogers,
GL-001033,2026-04-09,2026-04,1000,Cash – Operating Account,Cash Receipt,93271.07,0,Payment received RCP-00175 – CUST-054,RCP-00175,CUST-054,kchan,
GL-001034,2026-04-09,2026-04,1200,Accounts Receivable,Cash Receipt,0,93271.07,AR cleared RCP-00175 against INV-00229,RCP-00175,CUST-054,mlopez,
GL-001035,2026-04-09,2026-04,1000,Cash – Operating Account,Cash Receipt,42725.62,0,Payment received RCP-00176 – CUST-055,RCP-00176,CUST-055,tbrown,
GL-001036,2026-04-09,2026-04,1200,Accounts Receivable,Cash Receipt,0,42725.62,AR cleared RCP-00176 against INV-00230,RCP-00176,CUST-055,tbrown,
GL-001037,2026-04-09,2026-04,1000,Cash – Operating Account,Cash Receipt,24842.11,0,Payment received RCP-00177 – CUST-056,RCP-00177,CUST-056,arogers,
GL-001038,2026-04-09,2026-04,1200,Accounts Receivable,Cash Receipt,0,24842.11,AR cleared RCP-00177 against INV-00231,RCP-00177,CUST-056,mlopez,
GL-001039,2026-04-06,2026-04,1000,Cash – Operating Account,Cash Receipt,25577.37,0,Payment received RCP-00178 – CUST-057,RCP-00178,CUST-057,mlopez,
GL-001040,2026-04-06,2026-04,1200,Accounts Receivable,Cash Receipt,0,25577.37,AR cleared RCP-00178 against INV-00232,RCP-00178,CUST-057,tbrown,
GL-001041,2026-03-17,2026-03,1000,Cash – Operating Account,Cash Receipt,39709.54,0,Payment received RCP-00179 – CUST-058,RCP-00179,CUST-058,mlopez,
GL-001042,2026-03-17,2026-03,1200,Accounts Receivable,Cash Receipt,0,39709.54,AR cleared RCP-00179 against INV-00233,RCP-00179,CUST-058,arogers,
GL-001043,2026-04-08,2026-04,1000,Cash – Operating Account,Cash Receipt,14791.3,0,Payment received RCP-00180 – CUST-059,RCP-00180,CUST-059,kchan,
GL-001044,2026-04-08,2026-04,1200,Accounts Receivable,Cash Receipt,0,14791.3,AR cleared RCP-00180 against INV-00234,RCP-00180,CUST-059,jsmith,
GL-001045,2026-04-01,2026-04,1000,Cash – Operating Account,Cash Receipt,3506.21,0,Payment received RCP-00181 – CUST-060,RCP-00181,CUST-060,kchan,
GL-001046,2026-04-01,2026-04,1200,Accounts Receivable,Cash Receipt,0,3506.21,AR cleared RCP-00181 against INV-00235,RCP-00181,CUST-060,arogers,
GL-001047,2026-04-09,2026-04,1000,Cash – Operating Account,Cash Receipt,17988.7,0,Payment received RCP-00182 – CUST-001,RCP-00182,CUST-001,kchan,
GL-001048,2026-04-09,2026-04,1200,Accounts Receivable,Cash Receipt,0,17988.7,AR cleared RCP-00182 against INV-00238,RCP-00182,CUST-001,jsmith,
GL-001049,2026-04-09,2026-04,1000,Cash – Operating Account,Cash Receipt,161763.57,0,Payment received RCP-00183 – CUST-002,RCP-00183,CUST-002,kchan,
GL-001050,2026-04-09,2026-04,1200,Accounts Receivable,Cash Receipt,0,161763.57,AR cleared RCP-00183 against INV-00241,RCP-00183,CUST-002,tbrown,
GL-001051,2026-04-08,2026-04,1000,Cash – Operating Account,Cash Receipt,35774.21,0,Payment received RCP-00184 – CUST-003,RCP-00184,CUST-003,arogers,
GL-001052,2026-04-08,2026-04,1200,Accounts Receivable,Cash Receipt,0,35774.21,AR cleared RCP-00184 against INV-00246,RCP-00184,CUST-003,mlopez,
GL-001053,2026-04-09,2026-04,1000,Cash – Operating Account,Cash Receipt,266303.97,0,Payment received RCP-00185 – CUST-004,RCP-00185,CUST-004,tbrown,
GL-001054,2026-04-09,2026-04,1200,Accounts Receivable,Cash Receipt,0,266303.97,AR cleared RCP-00185 against INV-00247,RCP-00185,CUST-004,tbrown,
GL-001055,2026-04-09,2026-04,1000,Cash – Operating Account,Cash Receipt,311338.61,0,Payment received RCP-00186 – CUST-005,RCP-00186,CUST-005,jsmith,
GL-001056,2026-04-09,2026-04,1200,Accounts Receivable,Cash Receipt,0,311338.61,AR cleared RCP-00186 against INV-00251,RCP-00186,CUST-005,kchan,
GL-001057,2026-04-09,2026-04,1000,Cash – Operating Account,Cash Receipt,58263.7,0,Payment received RCP-00187 – CUST-007,RCP-00187,CUST-007,arogers,
GL-001058,2026-04-09,2026-04,1200,Accounts Receivable,Cash Receipt,0,58263.7,AR cleared RCP-00187 against INV-00259,RCP-00187,CUST-007,jsmith,
GL-001059,2026-04-09,2026-04,1000,Cash – Operating Account,Cash Receipt,225852.0,0,Payment received RCP-00188 – CUST-009,RCP-00188,CUST-009,jsmith,
GL-001060,2026-04-09,2026-04,1200,Accounts Receivable,Cash Receipt,0,225852.0,AR cleared RCP-00188 against INV-00263,RCP-00188,CUST-009,kchan,
GL-001061,2026-04-09,2026-04,1000,Cash – Operating Account,Cash Receipt,99024.98,0,Payment received RCP-00189 – CUST-009,RCP-00189,CUST-009,arogers,
GL-001062,2026-04-09,2026-04,1200,Accounts Receivable,Cash Receipt,0,99024.98,AR cleared RCP-00189 against INV-00264,RCP-00189,CUST-009,tbrown,
GL-001063,2026-04-09,2026-04,1000,Cash – Operating Account,Cash Receipt,8632.65,0,Payment received RCP-00190 – CUST-010,RCP-00190,CUST-010,arogers,
GL-001064,2026-04-09,2026-04,1200,Accounts Receivable,Cash Receipt,0,8632.65,AR cleared RCP-00190 against INV-00270,RCP-00190,CUST-010,jsmith,
GL-001065,2026-04-09,2026-04,1000,Cash – Operating Account,Cash Receipt,1126354.42,0,Payment received RCP-00191 – CUST-011,RCP-00191,CUST-011,jsmith,
GL-001066,2026-04-09,2026-04,1200,Accounts Receivable,Cash Receipt,0,1126354.42,AR cleared RCP-00191 against INV-00272,RCP-00191,CUST-011,mlopez,
GL-001067,2026-04-09,2026-04,1000,Cash – Operating Account,Cash Receipt,37818.37,0,Payment received RCP-00192 – CUST-011,RCP-00192,CUST-011,kchan,
GL-001068,2026-04-09,2026-04,1200,Accounts Receivable,Cash Receipt,0,37818.37,AR cleared RCP-00192 against INV-00275,RCP-00192,CUST-011,mlopez,
GL-001069,2026-04-09,2026-04,1000,Cash – Operating Account,Cash Receipt,17265.31,0,Payment received RCP-00193 – CUST-012,RCP-00193,CUST-012,jsmith,
GL-001070,2026-04-09,2026-04,1200,Accounts Receivable,Cash Receipt,0,17265.31,AR cleared RCP-00193 against INV-00279,RCP-00193,CUST-012,tbrown,
GL-001071,2026-04-09,2026-04,1000,Cash – Operating Account,Cash Receipt,52805.25,0,Payment received RCP-00194 – CUST-013,RCP-00194,CUST-013,jsmith,
GL-001072,2026-04-09,2026-04,1200,Accounts Receivable,Cash Receipt,0,52805.25,AR cleared RCP-00194 against INV-00282,RCP-00194,CUST-013,arogers,
GL-001073,2026-04-09,2026-04,1000,Cash – Operating Account,Cash Receipt,70192.03,0,Payment received RCP-00195 – CUST-014,RCP-00195,CUST-014,arogers,
GL-001074,2026-04-09,2026-04,1200,Accounts Receivable,Cash Receipt,0,70192.03,AR cleared RCP-00195 against INV-00283,RCP-00195,CUST-014,tbrown,
GL-001075,2026-04-09,2026-04,1000,Cash – Operating Account,Cash Receipt,24712.76,0,Payment received RCP-00196 – CUST-016,RCP-00196,CUST-016,tbrown,
GL-001076,2026-04-09,2026-04,1200,Accounts Receivable,Cash Receipt,0,24712.76,AR cleared RCP-00196 against INV-00285,RCP-00196,CUST-016,mlopez,
GL-001077,2026-04-09,2026-04,1000,Cash – Operating Account,Cash Receipt,22539.21,0,Payment received RCP-00197 – CUST-020,RCP-00197,CUST-020,tbrown,
GL-001078,2026-04-09,2026-04,1200,Accounts Receivable,Cash Receipt,0,22539.21,AR cleared RCP-00197 against INV-00290,RCP-00197,CUST-020,jsmith,
GL-001079,2026-04-09,2026-04,1000,Cash – Operating Account,Cash Receipt,83142.38,0,Payment received RCP-00198 – CUST-021,RCP-00198,CUST-021,kchan,
GL-001080,2026-04-09,2026-04,1200,Accounts Receivable,Cash Receipt,0,83142.38,AR cleared RCP-00198 against INV-00293,RCP-00198,CUST-021,arogers,
GL-001081,2026-04-09,2026-04,1000,Cash – Operating Account,Cash Receipt,147135.27,0,Payment received RCP-00199 – CUST-024,RCP-00199,CUST-024,arogers,
GL-001082,2026-04-09,2026-04,1200,Accounts Receivable,Cash Receipt,0,147135.27,AR cleared RCP-00199 against INV-00301,RCP-00199,CUST-024,jsmith,
GL-001083,2026-04-09,2026-04,1000,Cash – Operating Account,Cash Receipt,316432.6,0,Payment received RCP-00200 – CUST-026,RCP-00200,CUST-026,kchan,
GL-001084,2026-04-09,2026-04,1200,Accounts Receivable,Cash Receipt,0,316432.6,AR cleared RCP-00200 against INV-00304,RCP-00200,CUST-026,tbrown,
GL-001085,2026-04-09,2026-04,1000,Cash – Operating Account,Cash Receipt,32870.01,0,Payment received RCP-00201 – CUST-036,RCP-00201,CUST-036,mlopez,
GL-001086,2026-04-09,2026-04,1200,Accounts Receivable,Cash Receipt,0,32870.01,AR cleared RCP-00201 against INV-00315,RCP-00201,CUST-036,kchan,
GL-001087,2026-04-09,2026-04,1000,Cash – Operating Account,Cash Receipt,189173.75,0,Payment received RCP-00202 – CUST-040,RCP-00202,CUST-040,jsmith,
GL-001088,2026-04-09,2026-04,1200,Accounts Receivable,Cash Receipt,0,189173.75,AR cleared RCP-00202 against INV-00320,RCP-00202,CUST-040,tbrown,
GL-001089,2026-04-09,2026-04,1000,Cash – Operating Account,Cash Receipt,52974.31,0,Payment received RCP-00203 – CUST-042,RCP-00203,CUST-042,tbrown,
GL-001090,2026-04-09,2026-04,1200,Accounts Receivable,Cash Receipt,0,52974.31,AR cleared RCP-00203 against INV-00322,RCP-00203,CUST-042,tbrown,
GL-001091,2026-04-09,2026-04,1000,Cash – Operating Account,Cash Receipt,22566.15,0,Payment received RCP-00204 – CUST-046,RCP-00204,CUST-046,kchan,
GL-001092,2026-04-09,2026-04,1200,Accounts Receivable,Cash Receipt,0,22566.15,AR cleared RCP-00204 against INV-00326,RCP-00204,CUST-046,tbrown,
GL-001093,2026-04-09,2026-04,1000,Cash – Operating Account,Cash Receipt,209884.5,0,Payment received RCP-00205 – CUST-050,RCP-00205,CUST-050,kchan,
GL-001094,2026-04-09,2026-04,1200,Accounts Receivable,Cash Receipt,0,209884.5,AR cleared RCP-00205 against INV-00332,RCP-00205,CUST-050,jsmith,
GL-001095,2026-04-09,2026-04,1000,Cash – Operating Account,Cash Receipt,48560.83,0,Payment received RCP-00206 – CUST-052,RCP-00206,CUST-052,mlopez,
GL-001096,2026-04-09,2026-04,1200,Accounts Receivable,Cash Receipt,0,48560.83,AR cleared RCP-00206 against INV-00334,RCP-00206,CUST-052,kchan,
GL-001097,2026-04-09,2026-04,1000,Cash – Operating Account,Cash Receipt,54893.82,0,Payment received RCP-00207 – CUST-052,RCP-00207,CUST-052,jsmith,
GL-001098,2026-04-09,2026-04,1200,Accounts Receivable,Cash Receipt,0,54893.82,AR cleared RCP-00207 against INV-00335,RCP-00207,CUST-052,kchan,
GL-001099,2026-04-09,2026-04,1000,Cash – Operating Account,Cash Receipt,57918.44,0,Payment received RCP-00208 – CUST-053,RCP-00208,CUST-053,jsmith,
GL-001100,2026-04-09,2026-04,1200,Accounts Receivable,Cash Receipt,0,57918.44,AR cleared RCP-00208 against INV-00336,RCP-00208,CUST-053,mlopez,
GL-001101,2026-03-05,2026-03,4000,Revenue – Product Sales,Credit Memo,3788.63,0,Credit memo CM-0001 – Contract Rebate,CM-0001,CUST-012,arogers,
GL-001102,2026-03-05,2026-03,1200,Accounts Receivable,Credit Memo,0,3788.63,AR credit CM-0001 against INV-00160,CM-0001,CUST-012,mlopez,
GL-001103,2026-02-07,2026-02,4000,Revenue – Product Sales,Credit Memo,131.87,0,Credit memo CM-0002 – Product Return,CM-0002,CUST-037,arogers,
GL-001104,2026-02-07,2026-02,1200,Accounts Receivable,Credit Memo,0,131.87,AR credit CM-0002 against INV-00091,CM-0002,CUST-037,arogers,
GL-001105,2026-02-09,2026-02,4000,Revenue – Product Sales,Credit Memo,2677.84,0,Credit memo CM-0003 – Contract Rebate,CM-0003,CUST-009,tbrown,
GL-001106,2026-02-09,2026-02,1200,Accounts Receivable,Credit Memo,0,2677.84,AR credit CM-0003 against INV-00026,CM-0003,CUST-009,kchan,
GL-001107,2026-03-11,2026-03,4000,Revenue – Product Sales,Credit Memo,43982.67,0,Credit memo CM-0004 – Product Return,CM-0004,CUST-002,tbrown,
GL-001108,2026-03-11,2026-03,1200,Accounts Receivable,Credit Memo,0,43982.67,AR credit CM-0004 against INV-00125,CM-0004,CUST-002,jsmith,
GL-001109,2026-03-26,2026-03,4000,Revenue – Product Sales,Credit Memo,2028.55,0,Credit memo CM-0005 – Product Return,CM-0005,CUST-010,jsmith,
GL-001110,2026-03-26,2026-03,1200,Accounts Receivable,Credit Memo,0,2028.55,AR credit CM-0005 against INV-00270,CM-0005,CUST-010,jsmith,
GL-001111,2026-01-28,2026-01,4000,Revenue – Product Sales,Credit Memo,73714.89,0,Credit memo CM-0006 – Damaged Goods,CM-0006,CUST-003,tbrown,
GL-001112,2026-01-28,2026-01,1200,Accounts Receivable,Credit Memo,0,73714.89,AR credit CM-0006 against INV-00012,CM-0006,CUST-003,mlopez,
GL-001113,2026-02-17,2026-02,4000,Revenue – Product Sales,Credit Memo,2615.22,0,Credit memo CM-0007 – Quantity Dispute,CM-0007,CUST-020,tbrown,
GL-001114,2026-02-17,2026-02,1200,Accounts Receivable,Credit Memo,0,2615.22,AR credit CM-0007 against INV-00172,CM-0007,CUST-020,tbrown,
GL-001115,2026-03-15,2026-03,4000,Revenue – Product Sales,Credit Memo,13754.07,0,Credit memo CM-0008 – Contract Rebate,CM-0008,CUST-029,mlopez,
GL-001116,2026-03-15,2026-03,1200,Accounts Receivable,Credit Memo,0,13754.07,AR credit CM-0008 against INV-00193,CM-0008,CUST-029,mlopez,
GL-001117,2026-02-14,2026-02,4000,Revenue – Product Sales,Credit Memo,29159.94,0,Credit memo CM-0009 – Damaged Goods,CM-0009,CUST-022,mlopez,
GL-001118,2026-02-14,2026-02,1200,Accounts Receivable,Credit Memo,0,29159.94,AR credit CM-0009 against INV-00176,CM-0009,CUST-022,kchan,
GL-001119,2026-04-18,2026-04,4000,Revenue – Product Sales,Credit Memo,4292.65,0,Credit memo CM-0010 – Contract Rebate,CM-0010,CUST-036,tbrown,
GL-001120,2026-04-18,2026-04,1200,Accounts Receivable,Credit Memo,0,4292.65,AR credit CM-0010 against INV-00315,CM-0010,CUST-036,kchan,
GL-001121,2026-03-15,2026-03,4000,Revenue – Product Sales,Credit Memo,652.73,0,Credit memo CM-0011 – Product Return,CM-0011,CUST-060,arogers,
GL-001122,2026-03-15,2026-03,1200,Accounts Receivable,Credit Memo,0,652.73,AR credit CM-0011 against INV-00235,CM-0011,CUST-060,arogers,
GL-001123,2026-02-20,2026-02,4000,Revenue – Product Sales,Credit Memo,10295.9,0,Credit memo CM-0012 – Early Pay Discount,CM-0012,CUST-048,tbrown,
GL-001124,2026-02-20,2026-02,1200,Accounts Receivable,Credit Memo,0,10295.9,AR credit CM-0012 against INV-00219,CM-0012,CUST-048,jsmith,
GL-001125,2026-01-30,2026-01,4000,Revenue – Product Sales,Credit Memo,13040.35,0,Credit memo CM-0013 – Quantity Dispute,CM-0013,CUST-013,mlopez,
GL-001126,2026-01-30,2026-01,1200,Accounts Receivable,Credit Memo,0,13040.35,AR credit CM-0013 against INV-00046,CM-0013,CUST-013,kchan,
GL-001127,2026-01-22,2026-01,4000,Revenue – Product Sales,Credit Memo,981.56,0,Credit memo CM-0014 – Product Return,CM-0014,CUST-011,arogers,
GL-001128,2026-01-22,2026-01,1200,Accounts Receivable,Credit Memo,0,981.56,AR credit CM-0014 against INV-00037,CM-0014,CUST-011,tbrown,
GL-001129,2026-03-07,2026-03,4000,Revenue – Product Sales,Credit Memo,25079.01,0,Credit memo CM-0015 – Damaged Goods,CM-0015,CUST-011,jsmith,
GL-001130,2026-03-07,2026-03,1200,Accounts Receivable,Credit Memo,0,25079.01,AR credit CM-0015 against INV-00152,CM-0015,CUST-011,tbrown,
GL-001131,2026-01-29,2026-01,4000,Revenue – Product Sales,Credit Memo,5469.45,0,Credit memo CM-0016 – Early Pay Discount,CM-0016,CUST-017,jsmith,
GL-001132,2026-01-29,2026-01,1200,Accounts Receivable,Credit Memo,0,5469.45,AR credit CM-0016 against INV-00054,CM-0016,CUST-017,tbrown,
GL-001133,2026-02-04,2026-02,4000,Revenue – Product Sales,Credit Memo,28102.39,0,Credit memo CM-0017 – Pricing Adjustment,CM-0017,CUST-014,mlopez,
GL-001134,2026-02-04,2026-02,1200,Accounts Receivable,Credit Memo,0,28102.39,AR credit CM-0017 against INV-00051,CM-0017,CUST-014,mlopez,
GL-001135,2026-02-15,2026-02,4000,Revenue – Product Sales,Credit Memo,66576.4,0,Credit memo CM-0018 – Quantity Dispute,CM-0018,CUST-023,jsmith,
GL-001136,2026-02-15,2026-02,1200,Accounts Receivable,Credit Memo,0,66576.4,AR credit CM-0018 against INV-00065,CM-0018,CUST-023,tbrown,
GL-001137,2026-01-27,2026-01,4000,Revenue – Product Sales,Credit Memo,9612.84,0,Credit memo CM-0019 – Damaged Goods,CM-0019,CUST-021,mlopez,
GL-001138,2026-01-27,2026-01,1200,Accounts Receivable,Credit Memo,0,9612.84,AR credit CM-0019 against INV-00059,CM-0019,CUST-021,tbrown,
GL-001139,2026-02-23,2026-02,4000,Revenue – Product Sales,Credit Memo,4919.34,0,Credit memo CM-0020 – Early Pay Discount,CM-0020,CUST-012,tbrown,
GL-001140,2026-02-23,2026-02,1200,Accounts Receivable,Credit Memo,0,4919.34,AR credit CM-0020 against INV-00039,CM-0020,CUST-012,mlopez,
GL-001141,2026-02-09,2026-02,4000,Revenue – Product Sales,Credit Memo,33869.07,0,Credit memo CM-0021 – Pricing Adjustment,CM-0021,CUST-005,arogers,
GL-001142,2026-02-09,2026-02,1200,Accounts Receivable,Credit Memo,0,33869.07,AR credit CM-0021 against INV-00015,CM-0021,CUST-005,arogers,
GL-001143,2026-02-23,2026-02,4000,Revenue – Product Sales,Credit Memo,73606.8,0,Credit memo CM-0022 – Early Pay Discount,CM-0022,CUST-008,tbrown,
GL-001144,2026-02-23,2026-02,1200,Accounts Receivable,Credit Memo,0,73606.8,AR credit CM-0022 against INV-00144,CM-0022,CUST-008,arogers,
GL-001145,2026-03-30,2026-03,4000,Revenue – Product Sales,Credit Memo,7133.2,0,Credit memo CM-0023 – Damaged Goods,CM-0023,CUST-052,kchan,
GL-001146,2026-03-30,2026-03,1200,Accounts Receivable,Credit Memo,0,7133.2,AR credit CM-0023 against INV-00334,CM-0023,CUST-052,mlopez,
GL-001147,2026-04-12,2026-04,4000,Revenue – Product Sales,Credit Memo,3853.24,0,Credit memo CM-0024 – Pricing Adjustment,CM-0024,CUST-001,arogers,
GL-001148,2026-04-12,2026-04,1200,Accounts Receivable,Credit Memo,0,3853.24,AR credit CM-0024 against INV-00238,CM-0024,CUST-001,arogers,
GL-001149,2026-03-22,2026-03,4000,Revenue – Product Sales,Credit Memo,564.27,0,Credit memo CM-0025 – Contract Rebate,CM-0025,CUST-009,tbrown,
GL-001150,2026-03-22,2026-03,1200,Accounts Receivable,Credit Memo,0,564.27,AR credit CM-0025 against INV-00148,CM-0025,CUST-009,jsmith,
GL-001151,2026-02-12,2026-02,4000,Revenue – Product Sales,Credit Memo,19700.1,0,Credit memo CM-0026 – Contract Rebate,CM-0026,CUST-022,arogers,
GL-001152,2026-02-12,2026-02,1200,Accounts Receivable,Credit Memo,0,19700.1,AR credit CM-0026 against INV-00061,CM-0026,CUST-022,jsmith,
GL-001153,2026-02-26,2026-02,4000,Revenue – Product Sales,Credit Memo,3024.97,0,Credit memo CM-0027 – Pricing Adjustment,CM-0027,CUST-048,mlopez,
GL-001154,2026-02-26,2026-02,1200,Accounts Receivable,Credit Memo,0,3024.97,AR credit CM-0027 against INV-00221,CM-0027,CUST-048,jsmith,
GL-001155,2026-04-03,2026-04,4000,Revenue – Product Sales,Credit Memo,2188.38,0,Credit memo CM-0028 – Product Return,CM-0028,CUST-016,arogers,
GL-001156,2026-04-03,2026-04,1200,Accounts Receivable,Credit Memo,0,2188.38,AR credit CM-0028 against INV-00285,CM-0028,CUST-016,kchan,
GL-001157,2026-02-24,2026-02,4000,Revenue – Product Sales,Credit Memo,9517.39,0,Credit memo CM-0029 – Product Return,CM-0029,CUST-039,kchan,
GL-001158,2026-02-24,2026-02,1200,Accounts Receivable,Credit Memo,0,9517.39,AR credit CM-0029 against INV-00206,CM-0029,CUST-039,mlopez,
GL-001159,2026-02-09,2026-02,4000,Revenue – Product Sales,Credit Memo,1008.79,0,Credit memo CM-0030 – Pricing Adjustment,CM-0030,CUST-027,arogers,
GL-001160,2026-02-09,2026-02,1200,Accounts Receivable,Credit Memo,0,1008.79,AR credit CM-0030 against INV-00078,CM-0030,CUST-027,mlopez,
GL-001161,2026-01-25,2026-01,4000,Revenue – Product Sales,Credit Memo,5889.71,0,Credit memo CM-0031 – Contract Rebate,CM-0031,CUST-042,tbrown,
GL-001162,2026-01-25,2026-01,1200,Accounts Receivable,Credit Memo,0,5889.71,AR credit CM-0031 against INV-00097,CM-0031,CUST-042,tbrown,
GL-001163,2026-02-05,2026-02,4000,Revenue – Product Sales,Credit Memo,45542.79,0,Credit memo CM-0032 – Early Pay Discount,CM-0032,CUST-008,jsmith,
GL-001164,2026-02-05,2026-02,1200,Accounts Receivable,Credit Memo,0,45542.79,AR credit CM-0032 against INV-00023,CM-0032,CUST-008,mlopez,
GL-001165,2026-02-15,2026-02,4000,Revenue – Product Sales,Credit Memo,22410.36,0,Credit memo CM-0033 – Quantity Dispute,CM-0033,CUST-010,kchan,
GL-001166,2026-02-15,2026-02,1200,Accounts Receivable,Credit Memo,0,22410.36,AR credit CM-0033 against INV-00028,CM-0033,CUST-010,mlopez,
GL-001167,2026-01-14,2026-01,4000,Revenue – Product Sales,Credit Memo,1260.18,0,Credit memo CM-0034 – Quantity Dispute,CM-0034,CUST-059,jsmith,
GL-001168,2026-01-14,2026-01,1200,Accounts Receivable,Credit Memo,0,1260.18,AR credit CM-0034 against INV-00120,CM-0034,CUST-059,arogers,
GL-001169,2026-03-02,2026-03,4000,Revenue – Product Sales,Credit Memo,4054.51,0,Credit memo CM-0035 – Damaged Goods,CM-0035,CUST-026,mlopez,
GL-001170,2026-03-02,2026-03,1200,Accounts Receivable,Credit Memo,0,4054.51,AR credit CM-0035 against INV-00187,CM-0035,CUST-026,jsmith,
GL-001171,2026-04-11,2026-04,4000,Revenue – Product Sales,Credit Memo,17358.02,0,Credit memo CM-0036 – Early Pay Discount,CM-0036,CUST-050,tbrown,
GL-001172,2026-04-11,2026-04,1200,Accounts Receivable,Credit Memo,0,17358.02,AR credit CM-0036 against INV-00332,CM-0036,CUST-050,kchan,
GL-001173,2026-02-19,2026-02,4000,Revenue – Product Sales,Credit Memo,4436.95,0,Credit memo CM-0037 – Damaged Goods,CM-0037,CUST-025,arogers,
GL-001174,2026-02-19,2026-02,1200,Accounts Receivable,Credit Memo,0,4436.95,AR credit CM-0037 against INV-00186,CM-0037,CUST-025,mlopez,
GL-001175,2026-01-29,2026-01,4000,Revenue – Product Sales,Credit Memo,10866.96,0,Credit memo CM-0038 – Pricing Adjustment,CM-0038,CUST-044,mlopez,
GL-001176,2026-01-29,2026-01,1200,Accounts Receivable,Credit Memo,0,10866.96,AR credit CM-0038 against INV-00099,CM-0038,CUST-044,kchan,
GL-001177,2026-02-25,2026-02,4000,Revenue – Product Sales,Credit Memo,6369.55,0,Credit memo CM-0039 – Pricing Adjustment,CM-0039,CUST-032,tbrown,
GL-001178,2026-02-25,2026-02,1200,Accounts Receivable,Credit Memo,0,6369.55,AR credit CM-0039 against INV-00083,CM-0039,CUST-032,mlopez,
GL-001179,2026-03-11,2026-03,4000,Revenue – Product Sales,Credit Memo,15961.63,0,Credit memo CM-0040 – Pricing Adjustment,CM-0040,CUST-022,kchan,
GL-001180,2026-03-11,2026-03,1200,Accounts Receivable,Credit Memo,0,15961.63,AR credit CM-0040 against INV-00178,CM-0040,CUST-022,kchan,
GL-001181,2026-03-31,2026-03,5500,Bad Debt Expense,Write-Off,112513.85,0,Write-off approved – INV-00016 CUST-006,INV-00016,CUST-006,arogers,SCENARIO: GL write-off; subledger status not updated
GL-001182,2026-03-31,2026-03,1200,Accounts Receivable,Write-Off,0,112513.85,AR cleared via write-off INV-00016,INV-00016,CUST-006,kchan,SCENARIO: GL write-off; subledger status not updated
GL-001183,2026-03-31,2026-03,5500,Bad Debt Expense,Write-Off,42214.3,0,Write-off approved – INV-00096 CUST-041,INV-00096,CUST-041,kchan,SCENARIO: GL write-off; subledger status not updated
GL-001184,2026-03-31,2026-03,1200,Accounts Receivable,Write-Off,0,42214.3,AR cleared via write-off INV-00096,INV-00096,CUST-041,kchan,SCENARIO: GL write-off; subledger status not updated
